-- --------------------------------------------------------
-- Host:                         127.0.0.1
-- Server version:               5.5.41 - MySQL Community Server (GPL)
-- Server OS:                    Win64
-- HeidiSQL Version:             9.1.0.4867
-- --------------------------------------------------------

/*!40101 SET @OLD_CHARACTER_SET_CLIENT=@@CHARACTER_SET_CLIENT */;
/*!40101 SET NAMES utf8mb4 */;
/*!40014 SET @OLD_FOREIGN_KEY_CHECKS=@@FOREIGN_KEY_CHECKS, FOREIGN_KEY_CHECKS=0 */;
/*!40101 SET @OLD_SQL_MODE=@@SQL_MODE, SQL_MODE='NO_AUTO_VALUE_ON_ZERO' */;

-- Dumping database structure for otsdb
CREATE DATABASE IF NOT EXISTS `otsdb` /*!40100 DEFAULT CHARACTER SET utf8 */;
USE `otsdb`;


-- Dumping structure for table otsdb.academiccourse
CREATE TABLE IF NOT EXISTS `academiccourse` (
  `CourseTypeId` int(11) NOT NULL AUTO_INCREMENT,
  `Number` varchar(15) DEFAULT NULL,
  `Name` varchar(100) DEFAULT NULL,
  `Description` varchar(100) DEFAULT NULL,
  PRIMARY KEY (`CourseTypeId`)
) ENGINE=InnoDB AUTO_INCREMENT=3 DEFAULT CHARSET=utf8;

-- Dumping data for table otsdb.academiccourse: ~2 rows (approximately)
/*!40000 ALTER TABLE `academiccourse` DISABLE KEYS */;
INSERT IGNORE INTO `academiccourse` (`CourseTypeId`, `Number`, `Name`, `Description`) VALUES
	(1, '100', 'Introduction to Botany', NULL),
	(2, '101', 'Advance Level Art', NULL);
/*!40000 ALTER TABLE `academiccourse` ENABLE KEYS */;


-- Dumping structure for table otsdb.answer
CREATE TABLE IF NOT EXISTS `answer` (
  `AnswerId` int(11) NOT NULL AUTO_INCREMENT,
  `Text` varchar(255) DEFAULT NULL,
  `Question_id` int(11) DEFAULT NULL,
  PRIMARY KEY (`AnswerId`),
  KEY `Question_id` (`Question_id`),
  CONSTRAINT `FK2644B9D2989C4BF` FOREIGN KEY (`Question_id`) REFERENCES `question` (`QuestionId`)
) ENGINE=InnoDB DEFAULT CHARSET=utf8;

-- Dumping data for table otsdb.answer: ~0 rows (approximately)
/*!40000 ALTER TABLE `answer` DISABLE KEYS */;
/*!40000 ALTER TABLE `answer` ENABLE KEYS */;


-- Dumping structure for table otsdb.cognitiveleveltype
CREATE TABLE IF NOT EXISTS `cognitiveleveltype` (
  `CognitiveLevel` int(11) NOT NULL AUTO_INCREMENT,
  `Name` varchar(100) NOT NULL,
  `Description` varchar(100) DEFAULT NULL,
  PRIMARY KEY (`CognitiveLevel`)
) ENGINE=InnoDB AUTO_INCREMENT=5 DEFAULT CHARSET=utf8;

-- Dumping data for table otsdb.cognitiveleveltype: ~4 rows (approximately)
/*!40000 ALTER TABLE `cognitiveleveltype` DISABLE KEYS */;
INSERT IGNORE INTO `cognitiveleveltype` (`CognitiveLevel`, `Name`, `Description`) VALUES
	(1, 'List', NULL),
	(2, 'Describe', NULL),
	(3, 'Summarize', NULL),
	(4, 'Classify', NULL);
/*!40000 ALTER TABLE `cognitiveleveltype` ENABLE KEYS */;


-- Dumping structure for table otsdb.courseassignment
CREATE TABLE IF NOT EXISTS `courseassignment` (
  `TeacherId` int(11) NOT NULL,
  `CourseId` int(11) NOT NULL,
  `AssignOn` datetime DEFAULT NULL,
  `EndDate` datetime DEFAULT NULL,
  `IsCompleted` tinyint(1) DEFAULT NULL,
  PRIMARY KEY (`TeacherId`,`CourseId`),
  KEY `CourseId` (`CourseId`),
  CONSTRAINT `FK279C913C4562DB52` FOREIGN KEY (`CourseId`) REFERENCES `academiccourse` (`CourseTypeId`)
) ENGINE=InnoDB DEFAULT CHARSET=utf8;

-- Dumping data for table otsdb.courseassignment: ~2 rows (approximately)
/*!40000 ALTER TABLE `courseassignment` DISABLE KEYS */;
INSERT IGNORE INTO `courseassignment` (`TeacherId`, `CourseId`, `AssignOn`, `EndDate`, `IsCompleted`) VALUES
	(1, 1, '2014-09-30 21:18:08', '0001-01-01 00:00:00', 0),
	(1, 2, '2014-09-30 21:18:08', '0001-01-01 00:00:00', 0);
/*!40000 ALTER TABLE `courseassignment` ENABLE KEYS */;


-- Dumping structure for table otsdb.courseknowledgemap
CREATE TABLE IF NOT EXISTS `courseknowledgemap` (
  `CourseId` int(11) NOT NULL,
  `KnowledgeMapId` int(11) NOT NULL,
  `AssignBy` int(11) DEFAULT NULL,
  `AssignOn` datetime DEFAULT NULL,
  `ModifyOn` datetime DEFAULT NULL,
  PRIMARY KEY (`CourseId`,`KnowledgeMapId`)
) ENGINE=InnoDB DEFAULT CHARSET=utf8;

-- Dumping data for table otsdb.courseknowledgemap: ~14 rows (approximately)
/*!40000 ALTER TABLE `courseknowledgemap` DISABLE KEYS */;
INSERT IGNORE INTO `courseknowledgemap` (`CourseId`, `KnowledgeMapId`, `AssignBy`, `AssignOn`, `ModifyOn`) VALUES
	(1, 4, 1, '2014-10-11 19:28:21', NULL),
	(1, 5, 1, '2014-10-12 09:19:14', NULL),
	(1, 82, 1, '2014-10-11 19:39:55', NULL),
	(1, 83, 1, '2014-10-12 09:19:16', NULL),
	(1, 84, 1, '2014-10-12 09:32:06', NULL),
	(1, 85, 1, '2015-01-24 22:01:17', NULL),
	(2, 3, 1, '2014-10-11 13:22:33', NULL),
	(2, 5, 1, '2014-10-11 19:41:31', NULL),
	(2, 37, 1, '2014-10-11 17:51:30', NULL),
	(2, 38, 1, '2014-10-11 17:51:24', NULL),
	(2, 57, 1, '2014-10-11 19:41:32', NULL),
	(2, 58, 1, '2014-10-11 19:41:33', NULL),
	(2, 75, 1, '2014-10-11 19:41:36', NULL),
	(2, 86, 1, '2015-02-07 09:32:01', NULL);
/*!40000 ALTER TABLE `courseknowledgemap` ENABLE KEYS */;


-- Dumping structure for table otsdb.courseregistration
CREATE TABLE IF NOT EXISTS `courseregistration` (
  `StudentId` int(11) NOT NULL,
  `CourseId` int(11) NOT NULL,
  `Date` datetime DEFAULT NULL,
  `Grade` varchar(255) DEFAULT NULL,
  `IsCompleted` bit(1) DEFAULT NULL,
  PRIMARY KEY (`StudentId`,`CourseId`),
  KEY `FK_ddegea191vgpjjtvpx25jlq74` (`CourseId`),
  CONSTRAINT `FK_ddegea191vgpjjtvpx25jlq74` FOREIGN KEY (`CourseId`) REFERENCES `academiccourse` (`CourseTypeId`)
) ENGINE=InnoDB DEFAULT CHARSET=utf8;

-- Dumping data for table otsdb.courseregistration: ~0 rows (approximately)
/*!40000 ALTER TABLE `courseregistration` DISABLE KEYS */;
/*!40000 ALTER TABLE `courseregistration` ENABLE KEYS */;


-- Dumping structure for table otsdb.departmenttype
CREATE TABLE IF NOT EXISTS `departmenttype` (
  `DepartmentTypeId` int(11) NOT NULL AUTO_INCREMENT,
  `Name` varchar(100) DEFAULT NULL,
  `Description` varchar(100) DEFAULT NULL,
  PRIMARY KEY (`DepartmentTypeId`)
) ENGINE=InnoDB DEFAULT CHARSET=utf8;

-- Dumping data for table otsdb.departmenttype: ~0 rows (approximately)
/*!40000 ALTER TABLE `departmenttype` DISABLE KEYS */;
/*!40000 ALTER TABLE `departmenttype` ENABLE KEYS */;


-- Dumping structure for table otsdb.knowledgemap
CREATE TABLE IF NOT EXISTS `knowledgemap` (
  `KnowledgeMapId` int(11) NOT NULL AUTO_INCREMENT,
  `Name` varchar(255) NOT NULL,
  `Description` varchar(255) DEFAULT NULL,
  `CreateOn` datetime NOT NULL,
  `Concepts` text,
  `LastUpdated` datetime DEFAULT NULL,
  `IsPublic` tinyint(1) DEFAULT NULL,
  `CreatedBy` int(11) DEFAULT NULL,
  PRIMARY KEY (`KnowledgeMapId`),
  KEY `CreatedBy` (`CreatedBy`),
  CONSTRAINT `FK4416245C78287B0` FOREIGN KEY (`CreatedBy`) REFERENCES `user` (`UserId`)
) ENGINE=InnoDB AUTO_INCREMENT=87 DEFAULT CHARSET=utf8;

-- Dumping data for table otsdb.knowledgemap: ~2 rows (approximately)
/*!40000 ALTER TABLE `knowledgemap` DISABLE KEYS */;
INSERT IGNORE INTO `knowledgemap` (`KnowledgeMapId`, `Name`, `Description`, `CreateOn`, `Concepts`, `LastUpdated`, `IsPublic`, `CreatedBy`) VALUES
	(85, 'Plant', 'Plant Concept', '2015-01-24 21:06:45', '<children>\n  <child>\n    <id>203512045</id>\n    <rootid>85</rootid>\n    <identity>245536b6-f984-4ab0-b9f0-8d47a71c4dee</identity>\n    <parentid>85</parentid>\n    <label>Root</label>\n    <relationtype>PartOf</relationtype>\n    <conceptschemas>\n      <conceptschema>\n        <id>cf6105e1-1e58-4b46-8cf9-b5c29a0ed463</id>\n        <rootid>85</rootid>\n        <parentidentity>245536b6-f984-4ab0-b9f0-8d47a71c4dee</parentidentity>\n        <relationname>is</relationname>\n        <conceptname>vegetative organ</conceptname>\n        <conceptaction></conceptaction>\n        <attributename></attributename>\n        <attributevalue></attributevalue>\n      </conceptschema>\n      <conceptschema>\n        <id>30c6400a-c892-4ee1-ba4e-aeedc8cc7551</id>\n        <rootid>85</rootid>\n        <parentidentity>245536b6-f984-4ab0-b9f0-8d47a71c4dee</parentidentity>\n        <relationname>can</relationname>\n        <conceptname>water</conceptname>\n        <conceptaction>absorb</conceptaction>\n        <attributename></attributename>\n        <attributevalue></attributevalue>\n      </conceptschema>\n    </conceptschemas>\n  </child>\n  <child>\n    <id>933108974</id>\n    <rootid>85</rootid>\n    <identity>27848d4f-39d9-420e-bdb9-3356d4f18434</identity>\n    <parentid>85</parentid>\n    <label>Steam</label>\n    <children>\n      <id>1541048002</id>\n      <rootid>85</rootid>\n      <identity>16b661dd-7537-41aa-be55-73a1fd2b499c</identity>\n      <parentid>933108974</parentid>\n      <parentidentity>27848d4f-39d9-420e-bdb9-3356d4f18434</parentidentity>\n      <label>Sprout</label>\n      <relationtype>PartOf</relationtype>\n      <conceptschemas/>\n    </children>\n    <relationtype>PartOf</relationtype>\n    <conceptschemas>\n      <conceptschema>\n        <id>ff1194e8-9b0e-48aa-87e9-f46ba5042990</id>\n        <rootid>85</rootid>\n        <parentidentity>27848d4f-39d9-420e-bdb9-3356d4f18434</parentidentity>\n        <relationname>is</relationname>\n        <conceptname>vegetative organ</conceptname>\n        <conceptaction></conceptaction>\n        <attributename></attributename>\n        <attributevalue></attributevalue>\n      </conceptschema>\n      <conceptschema>\n        <id>9a70f95d-2d57-4833-81d9-1c6b6803acac</id>\n        <rootid>85</rootid>\n        <parentidentity>27848d4f-39d9-420e-bdb9-3356d4f18434</parentidentity>\n        <relationname>can</relationname>\n        <conceptname>water</conceptname>\n        <conceptaction>transport</conceptaction>\n        <attributename></attributename>\n        <attributevalue></attributevalue>\n      </conceptschema>\n    </conceptschemas>\n  </child>\n  <child>\n    <id>2122108295</id>\n    <rootid>85</rootid>\n    <identity>47c9f687-0359-4be6-8df4-f05c17b442ad</identity>\n    <parentid>85</parentid>\n    <label>Leaf</label>\n    <children>\n      <id>1016934889</id>\n      <rootid>85</rootid>\n      <identity>6bf91b26-1c02-4724-a19b-63d0959f477e</identity>\n      <parentid>2122108295</parentid>\n      <parentidentity>47c9f687-0359-4be6-8df4-f05c17b442ad</parentidentity>\n      <label>Shape</label>\n      <relationtype>PartOf</relationtype>\n      <conceptschemas/>\n    </children>\n    <children>\n      <id>817876820</id>\n      <rootid>85</rootid>\n      <identity>cb3761fa-db34-4005-b095-62e7b6b2d3af</identity>\n      <parentid>2122108295</parentid>\n      <parentidentity>47c9f687-0359-4be6-8df4-f05c17b442ad</parentidentity>\n      <label>Margin</label>\n      <relationtype>PartOf</relationtype>\n      <conceptschemas/>\n    </children>\n    <relationtype>PartOf</relationtype>\n    <conceptschemas>\n      <conceptschema>\n        <id>8fac879f-3ed1-49c5-af46-c5c748d5fec6</id>\n        <rootid>85</rootid>\n        <parentidentity>47c9f687-0359-4be6-8df4-f05c17b442ad</parentidentity>\n        <relationname>is</relationname>\n        <conceptname>vegetative organ</conceptname>\n        <conceptaction></conceptaction>\n        <attributename></attributename>\n        <attributevalue></attributevalue>\n      </conceptschema>\n      <conceptschema>\n        <id>83112333-0585-4686-abc0-fb9641a9726d</id>\n        <rootid>85</rootid>\n        <parentidentity>47c9f687-0359-4be6-8df4-f05c17b442ad</parentidentity>\n        <relationname>can</relationname>\n        <conceptname>water</conceptname>\n        <conceptaction>evaporate</conceptaction>\n        <attributename></attributename>\n        <attributevalue></attributevalue>\n      </conceptschema>\n    </conceptschemas>\n  </child>\n</children>', NULL, 1, 1),
	(86, 'Garden', 'Garden Concept', '2015-01-24 21:22:12', '<children>\n  <child>\n    <id>1330072840</id>\n    <rootid>86</rootid>\n    <identity>5f3d18d8-b6af-41d5-a754-49c113fa1b6e</identity>\n    <parentid>86</parentid>\n    <label>Taiwan Cherry</label>\n    <relationtype>PartOf</relationtype>\n    <conceptschemas>\n      <conceptschema>\n        <id>800a50d6-ef0c-4d6f-8141-48a62179b097</id>\n        <rootid>86</rootid>\n        <parentidentity>5f3d18d8-b6af-41d5-a754-49c113fa1b6e</parentidentity>\n        <relationname>has </relationname>\n        <conceptname>Leaf</conceptname>\n        <conceptaction></conceptaction>\n        <attributename>Shape</attributename>\n        <attributevalue>Aristate</attributevalue>\n      </conceptschema>\n      <conceptschema>\n        <id>5f0104ba-0e51-4db6-9f21-f710b183eb28</id>\n        <rootid>86</rootid>\n        <parentidentity>5f3d18d8-b6af-41d5-a754-49c113fa1b6e</parentidentity>\n        <relationname>has</relationname>\n        <conceptname>Leaf</conceptname>\n        <conceptaction></conceptaction>\n        <attributename>Venation</attributename>\n        <attributevalue>Palmate</attributevalue>\n      </conceptschema>\n      <conceptschema>\n        <id>f3ee110e-9af5-4e6e-b6c5-d3313623e0a5</id>\n        <rootid>86</rootid>\n        <parentidentity>5f3d18d8-b6af-41d5-a754-49c113fa1b6e</parentidentity>\n        <relationname>has</relationname>\n        <conceptname>Leaf</conceptname>\n        <conceptaction></conceptaction>\n        <attributename>Margin</attributename>\n        <attributevalue>Serrate</attributevalue>\n      </conceptschema>\n      <conceptschema>\n        <id>455d4b4f-d353-41b5-ae5c-096f3918dc04</id>\n        <rootid>86</rootid>\n        <parentidentity>5f3d18d8-b6af-41d5-a754-49c113fa1b6e</parentidentity>\n        <relationname>has</relationname>\n        <conceptname>Leaf</conceptname>\n        <conceptaction></conceptaction>\n        <attributename>Arrangement</attributename>\n        <attributevalue>Alternate</attributevalue>\n      </conceptschema>\n    </conceptschemas>\n  </child>\n  <child>\n    <id>696702946</id>\n    <rootid>86</rootid>\n    <identity>6b58a897-89a5-47c7-a332-5d97ada789be</identity>\n    <parentid>86</parentid>\n    <label>Rhododendron</label>\n    <relationtype>PartOf</relationtype>\n    <conceptschemas>\n      <conceptschema>\n        <id>a4f3e6da-acf2-4090-a768-b456cd7b8509</id>\n        <rootid>86</rootid>\n        <parentidentity>6b58a897-89a5-47c7-a332-5d97ada789be</parentidentity>\n        <relationname>has</relationname>\n        <conceptname>Leaf</conceptname>\n        <conceptaction></conceptaction>\n        <attributename>Shape</attributename>\n        <attributevalue>Obtuse</attributevalue>\n      </conceptschema>\n      <conceptschema>\n        <id>0478f3f4-6400-4cc8-a390-b0deae7825d7</id>\n        <rootid>86</rootid>\n        <parentidentity>6b58a897-89a5-47c7-a332-5d97ada789be</parentidentity>\n        <relationname>has</relationname>\n        <conceptname>Leaf</conceptname>\n        <conceptaction></conceptaction>\n        <attributename>Venation</attributename>\n        <attributevalue>Palmate</attributevalue>\n      </conceptschema>\n      <conceptschema>\n        <id>8c5cf4fa-6877-4bf8-968e-32f29715bd17</id>\n        <rootid>86</rootid>\n        <parentidentity>6b58a897-89a5-47c7-a332-5d97ada789be</parentidentity>\n        <relationname>has</relationname>\n        <conceptname>Leaf</conceptname>\n        <conceptaction></conceptaction>\n        <attributename>Margin</attributename>\n        <attributevalue>Entire</attributevalue>\n      </conceptschema>\n      <conceptschema>\n        <id>0836401e-113b-4020-a652-f4b2379e964b</id>\n        <rootid>86</rootid>\n        <parentidentity>6b58a897-89a5-47c7-a332-5d97ada789be</parentidentity>\n        <relationname>has </relationname>\n        <conceptname>Leaf</conceptname>\n        <conceptaction></conceptaction>\n        <attributename>Arrangement</attributename>\n        <attributevalue>Alternate</attributevalue>\n      </conceptschema>\n    </conceptschemas>\n  </child>\n  <child>\n    <id>153341770</id>\n    <rootid>86</rootid>\n    <identity>7e484fd4-5171-43eb-903d-dc45b26d8d45</identity>\n    <parentid>86</parentid>\n    <label>Golden Dewdrop</label>\n    <relationtype>PartOf</relationtype>\n    <conceptschemas>\n      <conceptschema>\n        <id>42c0151a-7250-4fea-aced-2e5a7a8dd784</id>\n        <rootid>86</rootid>\n        <parentidentity>7e484fd4-5171-43eb-903d-dc45b26d8d45</parentidentity>\n        <relationname>has</relationname>\n        <conceptname>Leaf</conceptname>\n        <conceptaction></conceptaction>\n        <attributename>Shape</attributename>\n        <attributevalue>Aristate</attributevalue>\n      </conceptschema>\n      <conceptschema>\n        <id>d430c427-b5eb-46d6-bfc2-f82439e54ec2</id>\n        <rootid>86</rootid>\n        <parentidentity>7e484fd4-5171-43eb-903d-dc45b26d8d45</parentidentity>\n        <relationname>has</relationname>\n        <conceptname>Leaf</conceptname>\n        <conceptaction></conceptaction>\n        <attributename>Venation</attributename>\n        <attributevalue>Palmate</attributevalue>\n      </conceptschema>\n      <conceptschema>\n        <id>6d0e965c-dd86-4665-ab99-c9e3d57c4ce9</id>\n        <rootid>86</rootid>\n        <parentidentity>7e484fd4-5171-43eb-903d-dc45b26d8d45</parentidentity>\n        <relationname>has</relationname>\n        <conceptname>Leaf</conceptname>\n        <conceptaction></conceptaction>\n        <attributename>Margin</attributename>\n        <attributevalue>Entire</attributevalue>\n      </conceptschema>\n      <conceptschema>\n        <id>d835d073-2472-4210-9492-682d9daea289</id>\n        <rootid>86</rootid>\n        <parentidentity>7e484fd4-5171-43eb-903d-dc45b26d8d45</parentidentity>\n        <relationname>has</relationname>\n        <conceptname>Leaf</conceptname>\n        <conceptaction></conceptaction>\n        <attributename>Arrangement</attributename>\n        <attributevalue>Opposite</attributevalue>\n      </conceptschema>\n    </conceptschemas>\n  </child>\n  <child>\n    <id>1653462728</id>\n    <rootid>86</rootid>\n    <identity>6550e7b0-9387-41c6-bf05-c02058333275</identity>\n    <parentid>86</parentid>\n    <label>Broadleaf Lady Palm</label>\n    <relationtype>PartOf</relationtype>\n    <conceptschemas>\n      <conceptschema>\n        <id>dd8a25fe-d1a0-4bbf-9c78-210b794bfccb</id>\n        <rootid>86</rootid>\n        <parentidentity>6550e7b0-9387-41c6-bf05-c02058333275</parentidentity>\n        <relationname>has</relationname>\n        <conceptname>Leaf</conceptname>\n        <conceptaction></conceptaction>\n        <attributename>Venation</attributename>\n        <attributevalue>Parallel</attributevalue>\n      </conceptschema>\n    </conceptschemas>\n  </child>\n</children>', NULL, 1, 1);
/*!40000 ALTER TABLE `knowledgemap` ENABLE KEYS */;


-- Dumping structure for table otsdb.question
CREATE TABLE IF NOT EXISTS `question` (
  `QuestionId` int(11) NOT NULL AUTO_INCREMENT,
  `Text` varchar(100) DEFAULT NULL,
  `Mark` float DEFAULT NULL,
  `QuestionTypeId` int(11) DEFAULT NULL,
  `QuestionNatureType_id` int(11) DEFAULT NULL,
  `CognitiveLevelType_id` int(11) DEFAULT NULL,
  `Test_id` int(11) DEFAULT NULL,
  PRIMARY KEY (`QuestionId`),
  KEY `QuestionTypeId` (`QuestionTypeId`),
  KEY `QuestionNatureType_id` (`QuestionNatureType_id`),
  KEY `CognitiveLevelType_id` (`CognitiveLevelType_id`),
  KEY `Test_id` (`Test_id`),
  CONSTRAINT `FK1BCDAE6B3E8267BD` FOREIGN KEY (`CognitiveLevelType_id`) REFERENCES `cognitiveleveltype` (`CognitiveLevel`),
  CONSTRAINT `FK1BCDAE6B4EDF946E` FOREIGN KEY (`Test_id`) REFERENCES `test` (`TestId`),
  CONSTRAINT `FK1BCDAE6BA9464857` FOREIGN KEY (`QuestionTypeId`) REFERENCES `questiontype` (`QuestionType`),
  CONSTRAINT `FK1BCDAE6BCF2183A8` FOREIGN KEY (`QuestionNatureType_id`) REFERENCES `questionnaturetype` (`QuestionNatureType`)
) ENGINE=InnoDB AUTO_INCREMENT=612 DEFAULT CHARSET=utf8;

-- Dumping data for table otsdb.question: ~682 rows (approximately)
/*!40000 ALTER TABLE `question` DISABLE KEYS */;
INSERT IGNORE INTO `question` (`QuestionId`, `Text`, `Mark`, `QuestionTypeId`, `QuestionNatureType_id`, `CognitiveLevelType_id`, `Test_id`) VALUES
	(5, 'Plant', NULL, 1, 1, 1, 1),
	(6, 'Plant', NULL, 1, 1, 1, 1),
	(7, 'Plant', NULL, 1, 2, 1, 1),
	(8, 'Leaf', NULL, 1, 1, 1, 1),
	(9, 'Steam', NULL, 1, 1, 1, 1),
	(10, 'Steam', NULL, 1, 1, 1, 1),
	(11, 'Steam', NULL, 1, 1, 1, 1),
	(12, 'Steam', NULL, 1, 1, 1, 1),
	(13, 'Steam', NULL, 1, 1, 1, 1),
	(14, 'Steam', NULL, 1, 1, 1, 1),
	(15, 'Steam', NULL, 1, 1, 1, 1),
	(16, 'Steam', NULL, 1, 1, 1, 1),
	(17, 'Steam', NULL, 1, 1, 1, 1),
	(18, 'Steam', NULL, 1, 1, 1, 1),
	(19, 'Steam', NULL, 1, 1, 1, 1),
	(20, 'Steam', NULL, 1, 1, 1, 1),
	(21, 'Steam', NULL, 1, 1, 1, 1),
	(22, 'Steam', NULL, 1, 1, 1, 1),
	(23, 'Steam', NULL, 1, 1, 1, 1),
	(24, 'Steam', NULL, 1, 1, 1, 1),
	(25, 'Steam', NULL, 1, 1, 1, 1),
	(26, 'Steam', NULL, 1, 1, 1, 1),
	(27, 'Steam', NULL, 1, 1, 1, 1),
	(28, 'Steam', NULL, 1, 1, 1, 1),
	(29, 'Steam', NULL, 1, 1, 1, 1),
	(30, 'Steam', NULL, 1, 1, 1, 1),
	(31, 'Steam', NULL, 1, 1, 1, 1),
	(32, 'Steam', NULL, 1, 1, 1, 1),
	(33, 'Steam', NULL, 1, 1, 1, 1),
	(34, 'Steam', NULL, 1, 1, 1, 1),
	(35, 'Steam', NULL, 1, 1, 1, 1),
	(36, 'Steam', NULL, 1, 1, 1, 1),
	(37, 'Steam', NULL, 1, 1, 1, 1),
	(38, 'Steam', NULL, 1, 1, 1, 1),
	(39, 'Steam', NULL, 1, 1, 1, 1),
	(40, 'Steam', NULL, 1, 1, 1, 1),
	(41, 'Steam', NULL, 1, 1, 1, 1),
	(42, 'Steam', NULL, 1, 1, 1, 1),
	(43, 'Steam', NULL, 1, 1, 1, 1),
	(44, 'Steam', NULL, 1, 1, 1, 1),
	(45, 'Steam', NULL, 1, 1, 1, 1),
	(46, 'Steam', NULL, 1, 1, 1, 1),
	(47, 'Steam', NULL, 1, 1, 1, 1),
	(48, 'Steam', NULL, 1, 1, 1, 1),
	(49, 'Steam', NULL, 1, 1, 1, 1),
	(50, 'Steam', NULL, 1, 1, 1, 1),
	(51, 'Steam', NULL, 1, 1, 1, 1),
	(52, 'Steam', NULL, 1, 1, 1, 1),
	(53, 'Steam', NULL, 1, 1, 1, 1),
	(54, 'Plant', NULL, 1, 1, 1, 1),
	(55, 'Plant', NULL, 1, 1, 1, 1),
	(56, 'Plant', NULL, 1, 1, 1, 1),
	(57, 'Plant', NULL, 1, 1, 1, 1),
	(58, 'Plant', NULL, 1, 2, 2, 1),
	(59, 'Plant', NULL, 1, 1, 1, 1),
	(60, 'Plant', NULL, 1, 1, 1, 1),
	(61, 'Leaf', NULL, 1, 1, 1, 1),
	(62, 'Plant', NULL, 2, 1, 1, 1),
	(63, 'Plant', NULL, 2, 1, 1, 1),
	(64, 'Plant', NULL, 1, 1, 1, 1),
	(65, 'Plant', NULL, 1, 1, 1, 1),
	(66, 'Plant', NULL, 1, 1, 1, 1),
	(67, 'Plant', NULL, 1, 1, 1, 1),
	(68, 'Steam', NULL, 1, 1, 1, 1),
	(69, 'Plant', NULL, 1, 1, 1, 1),
	(70, 'Steam', NULL, 1, 1, 1, 1),
	(71, 'Leaf', NULL, 1, 1, 1, 1),
	(72, 'Plant', NULL, 1, 1, 1, 1),
	(73, 'Leaf', NULL, 1, 1, 1, 1),
	(74, 'Plant', NULL, 1, 1, 1, 1),
	(75, 'Steam', NULL, 1, 1, 1, 1),
	(76, 'Leaf', NULL, 1, 1, 1, 1),
	(77, 'Plant', NULL, 2, 1, 2, 1),
	(78, 'Steam', NULL, 2, 1, 2, 1),
	(79, 'Leaf', NULL, 2, 1, 2, 1),
	(80, 'Plant', NULL, 2, 1, 1, 1),
	(81, 'Leaf', NULL, 2, 1, 1, 1),
	(82, 'Leaf', NULL, 2, 1, 1, 1),
	(83, 'Leaf', NULL, 2, 1, 1, 1),
	(84, 'Plant', NULL, 1, 1, 1, 1),
	(85, 'Plant', NULL, 1, 1, 1, 1),
	(86, 'Plant', NULL, 1, 1, 1, 1),
	(87, 'Plant', NULL, 1, 1, 1, 1),
	(88, 'Leaf', NULL, 1, 1, 1, 1),
	(89, 'Plant', NULL, 1, 2, 1, 1),
	(90, 'Plant', NULL, 1, 1, 1, 1),
	(91, 'Plant', NULL, 1, 3, 1, 1),
	(92, 'Plant', NULL, 1, 3, 1, 1),
	(93, 'Steam', NULL, 1, 3, 1, 1),
	(94, 'Leaf', NULL, 1, 3, 1, 1),
	(95, 'Leaf', NULL, 1, 4, 1, 1),
	(96, 'Steam', NULL, 1, 4, 1, 1),
	(97, 'Plant', NULL, 1, 1, 1, 1),
	(98, 'Plant', NULL, 1, 2, 1, 1),
	(99, 'Steam', NULL, 1, 3, 1, 1),
	(100, 'Steam', NULL, 1, 4, 1, 1),
	(101, 'Plant', NULL, 1, 1, 1, 1),
	(102, 'Steam', NULL, 1, 2, 1, 1),
	(103, 'Steam', NULL, 1, 3, 1, 1),
	(104, 'Steam', NULL, 1, 4, 1, 1),
	(105, 'Leaf', NULL, 1, 1, 1, 1),
	(106, 'Plant', NULL, 1, 1, 1, 1),
	(107, 'Leaf', NULL, 1, 1, 1, 1),
	(108, 'Root', NULL, 1, 1, 1, 1),
	(109, 'Sprout', NULL, 1, 1, 1, 1),
	(110, 'Root', NULL, 1, 1, 1, 1),
	(111, 'Sprout', NULL, 1, 1, 1, 1),
	(112, 'Leaf', NULL, 1, 1, 1, 1),
	(113, 'Steam', NULL, 1, 1, 1, 1),
	(114, 'Plant', NULL, 1, 1, 1, 1),
	(115, 'Steam', NULL, 1, 1, 1, 1),
	(116, 'Steam', NULL, 1, 2, 1, 1),
	(117, 'Steam', NULL, 1, 3, 1, 1),
	(118, 'Steam', NULL, 1, 4, 1, 1),
	(119, 'Sprout', NULL, 1, 4, 1, 1),
	(120, 'Root', NULL, 1, 4, 1, 1),
	(121, 'Leaf', NULL, 1, 4, 1, 1),
	(122, 'Margin', NULL, 1, 4, 1, 1),
	(123, 'Leaf', NULL, 1, 4, 1, 1),
	(124, 'Plant', NULL, 1, 1, 1, 1),
	(125, 'Steam', NULL, 1, 1, 1, 1),
	(126, 'Steam', NULL, 1, 1, 1, 1),
	(127, 'Steam', NULL, 1, 1, 1, 1),
	(128, 'Steam', NULL, 1, 1, 1, 1),
	(129, 'Steam', NULL, 1, 1, 1, 1),
	(130, 'Steam', NULL, 1, 1, 1, 1),
	(131, 'Steam', NULL, 1, 1, 1, 1),
	(132, 'Steam', NULL, 1, 1, 1, 1),
	(133, 'Steam', NULL, 1, 1, 1, 1),
	(134, 'Steam', NULL, 1, 1, 1, 1),
	(135, 'Steam', NULL, 1, 1, 1, 1),
	(136, 'Steam', NULL, 1, 1, 1, 1),
	(137, 'Steam', NULL, 1, 1, 1, 1),
	(138, 'Steam', NULL, 1, 1, 1, 1),
	(139, 'Leaf', NULL, 1, 1, 1, 1),
	(140, 'Root', NULL, 1, 1, 1, 1),
	(141, 'Root', NULL, 1, 1, 1, 1),
	(142, 'Taiwan Cherry', NULL, 1, 1, 1, 1),
	(143, 'Garden', NULL, 1, 1, 1, 2),
	(144, 'Taiwan Cherry', NULL, 1, 1, 1, 2),
	(145, 'Taiwan Cherry', NULL, 1, 1, 1, 2),
	(146, 'Taiwan Cherry', NULL, 1, 1, 1, 2),
	(147, 'Taiwan Cherry', NULL, 1, 1, 1, 2),
	(148, 'Taiwan Cherry', NULL, 1, 1, 1, 2),
	(149, 'Taiwan Cherry', NULL, 1, 1, 1, 2),
	(150, 'Taiwan Cherry', NULL, 1, 1, 1, 2),
	(151, 'Taiwan Cherry', NULL, 1, 1, 1, 2),
	(152, 'Taiwan Cherry', NULL, 1, 1, 1, 2),
	(153, 'Taiwan Cherry', NULL, 1, 1, 1, 2),
	(154, 'Taiwan Cherry', NULL, 1, 1, 1, 2),
	(155, 'Taiwan Cherry', NULL, 1, 1, 1, 2),
	(156, 'Steam', NULL, 1, 1, 1, 1),
	(157, 'Steam', NULL, 1, 1, 1, 1),
	(158, 'Steam', NULL, 1, 1, 1, 1),
	(159, 'Steam', NULL, 1, 1, 1, 1),
	(160, 'Steam', NULL, 1, 1, 1, 1),
	(161, 'Steam', NULL, 1, 1, 1, 1),
	(162, 'Steam', NULL, 1, 1, 1, 1),
	(163, 'Steam', NULL, 1, 1, 1, 1),
	(164, 'Steam', NULL, 1, 1, 1, 1),
	(165, 'Steam', NULL, 1, 1, 1, 1),
	(166, 'Steam', NULL, 1, 1, 1, 1),
	(167, 'Steam', NULL, 1, 1, 1, 1),
	(168, 'Steam', NULL, 1, 1, 1, 1),
	(169, 'Root', NULL, 1, 1, 1, 1),
	(170, 'Root', NULL, 1, 1, 1, 1),
	(171, 'Steam', NULL, 1, 1, 1, 1),
	(172, 'Steam', NULL, 1, 1, 1, 1),
	(173, 'Steam', NULL, 1, 1, 1, 1),
	(174, 'Steam', NULL, 1, 1, 1, 1),
	(175, 'Steam', NULL, 1, 1, 1, 1),
	(176, 'Steam', NULL, 1, 1, 1, 1),
	(177, 'Steam', NULL, 1, 1, 1, 1),
	(178, 'Steam', NULL, 1, 1, 1, 1),
	(179, 'Steam', NULL, 1, 1, 1, 1),
	(180, 'Steam', NULL, 1, 1, 1, 1),
	(181, 'Steam', NULL, 1, 1, 1, 1),
	(182, 'Steam', NULL, 1, 1, 1, 1),
	(183, 'Steam', NULL, 1, 1, 1, 1),
	(184, 'Steam', NULL, 1, 1, 1, 1),
	(185, 'Steam', NULL, 1, 1, 1, 1),
	(186, 'Steam', NULL, 1, 1, 1, 1),
	(187, 'Steam', NULL, 1, 1, 1, 1),
	(188, 'Steam', NULL, 1, 1, 1, 1),
	(189, 'Steam', NULL, 1, 1, 1, 1),
	(190, 'Steam', NULL, 1, 1, 1, 1),
	(191, 'Steam', NULL, 1, 1, 1, 1),
	(192, 'Steam', NULL, 1, 1, 1, 1),
	(193, 'Steam', NULL, 1, 1, 1, 1),
	(194, 'Steam', NULL, 1, 1, 1, 1),
	(195, 'Steam', NULL, 1, 1, 1, 1),
	(196, 'Steam', NULL, 1, 1, 1, 1),
	(197, 'Steam', NULL, 1, 1, 1, 1),
	(198, 'Steam', NULL, 1, 1, 1, 1),
	(199, 'Steam', NULL, 1, 1, 1, 1),
	(200, 'Steam', NULL, 1, 1, 1, 1),
	(201, 'Steam', NULL, 1, 1, 1, 1),
	(202, 'Steam', NULL, 1, 1, 1, 1),
	(203, 'Steam', NULL, 1, 1, 1, 1),
	(204, 'Steam', NULL, 1, 1, 1, 1),
	(205, 'Steam', NULL, 1, 1, 1, 1),
	(206, 'Steam', NULL, 1, 1, 1, 1),
	(207, 'Steam', NULL, 1, 1, 1, 1),
	(208, 'Steam', NULL, 1, 1, 1, 1),
	(209, 'Steam', NULL, 1, 1, 1, 1),
	(210, 'Steam', NULL, 1, 1, 1, 1),
	(211, 'Steam', NULL, 1, 1, 1, 1),
	(212, 'Steam', NULL, 1, 1, 1, 1),
	(213, 'Steam', NULL, 1, 1, 1, 1),
	(214, 'Steam', NULL, 1, 1, 1, 1),
	(215, 'Steam', NULL, 1, 1, 1, 1),
	(216, 'Steam', NULL, 1, 1, 1, 1),
	(217, 'Steam', NULL, 1, 1, 1, 1),
	(218, 'Steam', NULL, 1, 1, 1, 1),
	(219, 'Steam', NULL, 1, 1, 1, 1),
	(220, 'Steam', NULL, 1, 1, 1, 1),
	(221, 'Steam', NULL, 1, 1, 1, 1),
	(222, 'Steam', NULL, 1, 1, 1, 1),
	(223, 'Steam', NULL, 1, 1, 1, 1),
	(224, 'Steam', NULL, 1, 1, 1, 1),
	(225, 'Steam', NULL, 1, 1, 1, 1),
	(226, 'Steam', NULL, 1, 1, 1, 1),
	(227, 'Steam', NULL, 1, 1, 1, 1),
	(228, 'Steam', NULL, 1, 1, 1, 1),
	(229, 'Steam', NULL, 1, 1, 1, 1),
	(230, 'Steam', NULL, 1, 1, 1, 1),
	(231, 'Steam', NULL, 1, 1, 1, 1),
	(232, '', NULL, 1, 1, 1, 1),
	(233, 'Taiwan Cherry', NULL, 1, 1, 1, 2),
	(234, 'Taiwan Cherry', NULL, 1, 1, 1, 2),
	(235, 'Taiwan Cherry', NULL, 1, 1, 1, 2),
	(236, 'Taiwan Cherry', NULL, 1, 1, 1, 2),
	(237, 'Taiwan Cherry', NULL, 1, 1, 1, 2),
	(238, 'Taiwan Cherry', NULL, 1, 1, 1, 2),
	(239, 'Taiwan Cherry', NULL, 1, 1, 1, 2),
	(240, 'Taiwan Cherry', NULL, 1, 1, 1, 2),
	(241, '', NULL, 1, 1, 1, 2),
	(242, 'Taiwan Cherry', NULL, 1, 1, 1, 2),
	(243, 'Taiwan Cherry', NULL, 1, 1, 1, 2),
	(244, '', NULL, 1, 1, 1, 2),
	(245, 'Taiwan Cherry', NULL, 1, 1, 1, 2),
	(246, 'Taiwan Cherry', NULL, 1, 1, 1, 2),
	(247, '', NULL, 1, 1, 1, 2),
	(248, 'Taiwan Cherry', NULL, 1, 1, 1, 2),
	(249, 'Taiwan Cherry', NULL, 1, 1, 1, 2),
	(250, '', NULL, 1, 1, 1, 2),
	(251, 'Taiwan Cherry', NULL, 1, 1, 1, 2),
	(252, 'Taiwan Cherry', NULL, 1, 1, 1, 2),
	(253, '', NULL, 1, 1, 1, 2),
	(254, 'Taiwan Cherry', NULL, 1, 1, 1, 2),
	(255, 'Taiwan Cherry', NULL, 1, 1, 1, 2),
	(256, '', NULL, 1, 1, 1, 2),
	(257, 'Taiwan Cherry', NULL, 1, 1, 1, 2),
	(258, 'Taiwan Cherry', NULL, 1, 1, 1, 2),
	(259, '', NULL, 1, 1, 1, 2),
	(260, 'Taiwan Cherry', NULL, 1, 1, 1, 2),
	(261, 'Taiwan Cherry', NULL, 1, 1, 1, 2),
	(262, '', NULL, 1, 1, 1, 2),
	(263, 'Taiwan Cherry', NULL, 1, 1, 1, 2),
	(264, 'Taiwan Cherry', NULL, 1, 1, 1, 2),
	(265, '', NULL, 1, 1, 1, 2),
	(266, 'Taiwan Cherry', NULL, 1, 1, 1, 2),
	(267, 'Taiwan Cherry', NULL, 1, 1, 1, 2),
	(268, '', NULL, 1, 1, 1, 2),
	(269, 'Steam', NULL, 1, 1, 1, 1),
	(270, 'Taiwan Cherry', NULL, 1, 1, 1, 2),
	(271, 'Taiwan Cherry', NULL, 1, 1, 1, 2),
	(272, '', NULL, 1, 1, 1, 2),
	(273, 'Steam', NULL, 1, 1, 1, 1),
	(274, 'Steam', NULL, 1, 1, 1, 1),
	(275, 'Steam', NULL, 1, 1, 1, 1),
	(276, 'Taiwan Cherry', NULL, 1, 1, 1, 2),
	(277, 'Taiwan Cherry', NULL, 1, 1, 1, 2),
	(278, '', NULL, 1, 1, 1, 2),
	(279, 'Steam', NULL, 1, 1, 1, 1),
	(280, 'Steam', NULL, 1, 1, 1, 1),
	(281, 'Steam', NULL, 1, 1, 1, 1),
	(282, 'Steam', NULL, 1, 1, 1, 1),
	(283, 'Steam', NULL, 1, 1, 1, 1),
	(284, 'Steam', NULL, 1, 1, 1, 1),
	(285, 'Steam', NULL, 1, 1, 1, 1),
	(286, 'Steam', NULL, 1, 1, 1, 1),
	(287, 'Taiwan Cherry', NULL, 1, 1, 1, 2),
	(288, 'Taiwan Cherry', NULL, 1, 1, 1, 2),
	(289, '', NULL, 1, 1, 1, 2),
	(290, 'Taiwan Cherry', NULL, 1, 1, 1, 2),
	(291, 'Taiwan Cherry', NULL, 1, 1, 1, 2),
	(292, '', NULL, 1, 1, 1, 2),
	(293, 'Taiwan Cherry', NULL, 1, 1, 1, 2),
	(294, 'Taiwan Cherry', NULL, 1, 1, 1, 2),
	(295, '', NULL, 1, 1, 1, 2),
	(296, 'Taiwan Cherry', NULL, 1, 1, 1, 2),
	(297, 'Taiwan Cherry', NULL, 1, 1, 1, 2),
	(298, '', NULL, 1, 1, 1, 2),
	(299, 'Taiwan Cherry', NULL, 1, 1, 1, 2),
	(300, 'Taiwan Cherry', NULL, 1, 1, 1, 2),
	(301, '', NULL, 1, 1, 1, 2),
	(302, 'Taiwan Cherry', NULL, 1, 1, 1, 2),
	(303, 'Taiwan Cherry', NULL, 1, 1, 1, 2),
	(304, '', NULL, 1, 1, 1, 2),
	(305, 'Taiwan Cherry', NULL, 1, 1, 1, 2),
	(306, 'Taiwan Cherry', NULL, 1, 1, 1, 2),
	(307, '', NULL, 1, 1, 1, 2),
	(308, 'Taiwan Cherry', NULL, 1, 1, 1, 2),
	(309, 'Taiwan Cherry', NULL, 1, 1, 1, 2),
	(310, '', NULL, 1, 1, 1, 2),
	(311, 'Taiwan Cherry', NULL, 1, 1, 1, 2),
	(312, 'Taiwan Cherry', NULL, 1, 1, 1, 2),
	(313, '', NULL, 1, 1, 1, 2),
	(314, 'Taiwan Cherry', NULL, 1, 1, 1, 2),
	(315, 'Taiwan Cherry', NULL, 1, 1, 1, 2),
	(316, '', NULL, 1, 1, 1, 2),
	(317, 'Taiwan Cherry', NULL, 1, 1, 1, 2),
	(318, 'Taiwan Cherry', NULL, 1, 1, 1, 2),
	(319, '', NULL, 1, 1, 1, 2),
	(320, 'Taiwan Cherry', NULL, 1, 1, 1, 2),
	(321, 'Taiwan Cherry', NULL, 1, 1, 1, 2),
	(322, 'Taiwan Cherry', NULL, 1, 1, 1, 2),
	(323, 'Taiwan Cherry', NULL, 1, 1, 1, 2),
	(324, 'Taiwan Cherry', NULL, 1, 1, 1, 2),
	(325, 'Taiwan Cherry', NULL, 1, 1, 1, 2),
	(326, 'Taiwan Cherry', NULL, 1, 1, 1, 2),
	(327, 'Taiwan Cherry', NULL, 1, 1, 1, 2),
	(328, '', NULL, 1, 1, 1, 2),
	(329, 'Steam', NULL, 1, 1, 1, 1),
	(330, 'Steam', NULL, 1, 1, 1, 1),
	(331, 'Steam', NULL, 1, 1, 1, 1),
	(332, 'Steam', NULL, 1, 1, 1, 1),
	(333, 'Steam', NULL, 1, 1, 1, 1),
	(334, 'Steam', NULL, 1, 1, 1, 1),
	(335, 'Steam', NULL, 1, 1, 1, 1),
	(336, 'Steam', NULL, 1, 1, 1, 1),
	(337, '', NULL, 1, 1, 1, 1),
	(338, 'Steam', NULL, 1, 1, 1, 1),
	(339, 'Steam', NULL, 1, 1, 1, 1),
	(340, 'Steam', NULL, 1, 1, 1, 1),
	(341, 'Steam', NULL, 1, 1, 1, 1),
	(342, '', NULL, 1, 1, 1, 1),
	(343, 'Taiwan Cherry', NULL, 1, 1, 1, 1),
	(344, 'Taiwan Cherry', NULL, 1, 1, 1, 1),
	(345, 'Taiwan Cherry', NULL, 1, 1, 1, 1),
	(346, 'Taiwan Cherry', NULL, 1, 1, 1, 1),
	(347, '', NULL, 1, 1, 1, 1),
	(348, 'Steam', NULL, 1, 1, 1, 1),
	(349, 'Steam', NULL, 1, 1, 1, 1),
	(350, 'Steam', NULL, 1, 1, 1, 1),
	(351, 'Steam', NULL, 1, 1, 1, 1),
	(352, 'Steam', NULL, 1, 1, 1, 1),
	(353, 'Steam', NULL, 1, 1, 1, 1),
	(354, 'Steam', NULL, 1, 1, 1, 1),
	(355, 'Steam', NULL, 1, 1, 1, 1),
	(356, 'Plant', NULL, 1, 1, 1, 1),
	(357, 'Plant', NULL, 1, 1, 1, 1),
	(358, 'Plant', NULL, 1, 1, 1, 1),
	(359, 'Plant', NULL, 1, 1, 1, 1),
	(360, 'Plant', NULL, 1, 1, 1, 1),
	(361, 'Plant', NULL, 1, 1, 1, 1),
	(362, 'Plant', NULL, 1, 1, 1, 1),
	(363, 'Plant', NULL, 1, 1, 1, 1),
	(364, 'Plant', NULL, 1, 1, 1, 1),
	(365, '', NULL, 1, 1, 1, 1),
	(366, 'Plant', NULL, 1, 1, 1, 1),
	(367, 'Plant', NULL, 1, 1, 1, 1),
	(368, 'Plant', NULL, 1, 1, 1, 1),
	(369, 'Plant', NULL, 1, 1, 1, 1),
	(370, 'Plant', NULL, 1, 1, 1, 1),
	(371, 'Plant', NULL, 1, 1, 1, 1),
	(372, 'Plant', NULL, 1, 1, 1, 1),
	(373, 'Plant', NULL, 1, 1, 1, 1),
	(374, '', NULL, 1, 1, 1, 1),
	(375, 'Plant', NULL, 1, 1, 1, 1),
	(376, 'Plant', NULL, 1, 1, 1, 1),
	(377, 'Plant', NULL, 1, 1, 1, 1),
	(378, 'Plant', NULL, 1, 1, 1, 1),
	(379, 'Plant', NULL, 1, 1, 1, 1),
	(380, 'Plant', NULL, 1, 1, 1, 1),
	(381, 'Plant', NULL, 1, 1, 1, 1),
	(382, 'Plant', NULL, 1, 1, 1, 1),
	(383, '', NULL, 1, 1, 1, 1),
	(384, 'Plant', NULL, 1, 1, 1, 1),
	(385, 'Plant', NULL, 1, 1, 1, 1),
	(386, 'Plant', NULL, 1, 1, 1, 1),
	(387, 'Plant', NULL, 1, 1, 1, 1),
	(388, 'Plant', NULL, 1, 1, 1, 1),
	(389, 'Plant', NULL, 1, 1, 1, 1),
	(390, 'Plant', NULL, 1, 1, 1, 1),
	(391, 'Plant', NULL, 1, 1, 1, 1),
	(392, '', NULL, 1, 1, 1, 1),
	(393, 'Plant', NULL, 1, 1, 1, 1),
	(394, 'Plant', NULL, 1, 1, 1, 1),
	(395, 'Plant', NULL, 1, 1, 1, 1),
	(396, 'Plant', NULL, 1, 1, 1, 1),
	(397, 'Plant', NULL, 1, 1, 1, 1),
	(398, 'Plant', NULL, 1, 1, 1, 1),
	(399, 'Plant', NULL, 1, 1, 1, 1),
	(400, 'Plant', NULL, 1, 1, 1, 1),
	(401, '', NULL, 1, 1, 1, 1),
	(402, NULL, NULL, 1, 1, 1, 2),
	(403, NULL, NULL, 1, 1, 1, 2),
	(404, NULL, NULL, 1, 1, 1, 2),
	(405, NULL, NULL, 1, 1, 1, 2),
	(406, NULL, NULL, 1, 1, 1, 2),
	(407, NULL, NULL, 1, 1, 1, 2),
	(408, NULL, NULL, 1, 1, 1, 2),
	(409, NULL, NULL, 1, 1, 1, 2),
	(410, NULL, NULL, 1, 1, 1, 2),
	(411, NULL, NULL, 1, 1, 1, 2),
	(412, NULL, NULL, 1, 1, 1, 2),
	(413, NULL, NULL, 1, 1, 1, 2),
	(414, NULL, NULL, 1, 1, 1, 2),
	(415, NULL, NULL, 1, 1, 1, 2),
	(416, NULL, NULL, 1, 1, 1, 2),
	(417, NULL, NULL, 1, 1, 1, 2),
	(418, NULL, NULL, 1, 1, 1, 2),
	(419, NULL, NULL, 1, 1, 1, 2),
	(420, NULL, NULL, 1, 1, 1, 1),
	(421, 'Which of the following object has same Leaf\'s Arrangement as Taiwan Cherry', NULL, 1, 1, 1, 2),
	(422, 'Taiwan Cherry', NULL, 1, 1, 1, 2),
	(423, 'Taiwan Cherry', NULL, 1, 1, 1, 2),
	(424, 'Taiwan Cherry', NULL, 1, 1, 1, 2),
	(425, 'Which of the following object has same Leaf\'s Arrangement as Taiwan Cherry', NULL, 1, 1, 1, 2),
	(426, 'Which of the following object has same Leaf\'s Arrangement as Taiwan Cherry', NULL, 1, 1, 1, 2),
	(427, 'Which of the following object has same Leaf\'s Arrangement as Taiwan Cherry', NULL, 1, 1, 1, 2),
	(428, 'Which of the following object has same Leaf\'s Arrangement as Taiwan Cherry', NULL, 1, 1, 1, 2),
	(429, 'Which of the following object has same Leaf\'s Shape as Taiwan Cherry', NULL, 1, 1, 1, 2),
	(430, 'Which of the following object has same Leaf\'s Venation as Taiwan Cherry', NULL, 1, 1, 1, 2),
	(431, 'Which of the following object has same Leaf\'s Margin as Taiwan Cherry', NULL, 1, 1, 1, 2),
	(432, 'Which of the following object has same Leaf\'s Arrangement as Taiwan Cherry', NULL, 1, 1, 1, 2),
	(433, 'Which of the following object has same leaf\'s Shape as Taiwan Cherry has ', NULL, 1, 1, 1, 2),
	(434, 'Which of the following object has same leaf\'s Venation as Taiwan Cherry has ', NULL, 1, 1, 1, 2),
	(435, 'Which of the following object has same leaf\'s Margin as Taiwan Cherry has ', NULL, 1, 1, 1, 2),
	(436, 'Which of the following object has same leaf\'s Arrangement as Taiwan Cherry has ', NULL, 1, 1, 1, 2),
	(437, 'Which of the following object has same leaf\'s shape as Taiwan Cherry has ', NULL, 1, 1, 1, 2),
	(438, 'Which of the following object has same leaf\'s venation as Taiwan Cherry has ', NULL, 1, 1, 1, 2),
	(439, 'Which of the following object has same leaf\'s margin as Taiwan Cherry has ', NULL, 1, 1, 1, 2),
	(440, 'Which of the following object has same leaf\'s arrangement as Taiwan Cherry has ', NULL, 1, 1, 1, 2),
	(441, 'Plant', NULL, 1, 1, 1, 1),
	(442, 'Steam', NULL, 1, 1, 1, 1),
	(443, 'Steam', NULL, 1, 2, 1, 1),
	(444, 'Leaf', NULL, 1, 1, 1, 1),
	(445, 'Leaf', NULL, 1, 4, 1, 1),
	(446, 'Plant', NULL, 1, 4, 1, 1),
	(447, 'Leaf', NULL, 1, 4, 1, 1),
	(448, 'Steam', NULL, 1, 4, 1, 1),
	(449, 'Leaf', NULL, 1, 3, 1, 1),
	(450, 'Plant', NULL, 1, 1, 1, 1),
	(451, 'Plant', NULL, 1, 1, 1, 1),
	(452, 'Plant', NULL, 1, 1, 1, 1),
	(453, 'Plant', NULL, 1, 1, 1, 1),
	(454, 'Plant', NULL, 1, 2, 1, 1),
	(455, 'Plant', NULL, 1, 3, 1, 1),
	(456, 'Plant', NULL, 1, 4, 1, 1),
	(457, 'Leaf', NULL, 1, 4, 1, 1),
	(458, 'Leaf', NULL, 1, 2, 1, 1),
	(459, 'Margin', NULL, 1, 2, 1, 1),
	(460, 'Shape', NULL, 1, 2, 1, 1),
	(461, 'Sprout', NULL, 1, 2, 1, 1),
	(462, 'Steam', NULL, 1, 2, 1, 1),
	(463, 'Root', NULL, 1, 2, 1, 1),
	(464, 'Plant', NULL, 1, 1, 1, 1),
	(465, 'Plant', NULL, 1, 2, 1, 1),
	(466, 'Plant', NULL, 1, 3, 1, 1),
	(467, 'Leaf', NULL, 1, 3, 1, 1),
	(468, 'Leaf', NULL, 1, 2, 1, 1),
	(469, 'Leaf', NULL, 1, 2, 1, 1),
	(470, 'Leaf', NULL, 1, 2, 1, 1),
	(471, 'Plant', NULL, 1, 1, 1, 1),
	(472, 'Plant', NULL, 1, 1, 1, 1),
	(473, 'Plant', NULL, 1, 1, 1, 1),
	(474, 'Steam', NULL, 1, 1, 1, 1),
	(475, 'Steam', NULL, 1, 2, 1, 1),
	(476, 'Leaf', NULL, 1, 2, 1, 1),
	(477, 'Plant', NULL, 1, 1, 1, 1),
	(478, 'Plant', NULL, 1, 1, 1, 1),
	(479, 'Plant', NULL, 1, 1, 1, 1),
	(480, 'Plant', NULL, 1, 3, 1, 1),
	(481, 'Plant', NULL, 1, 1, 1, 1),
	(482, 'Plant', NULL, 1, 3, 1, 1),
	(483, 'Plant', NULL, 1, 1, 1, 1),
	(484, 'Plant', NULL, 1, 1, 1, 1),
	(485, 'Plant', NULL, 1, 1, 1, 1),
	(486, 'Steam', NULL, 1, 1, 1, 1),
	(487, 'Steam', NULL, 1, 1, 1, 1),
	(488, 'Steam', NULL, 1, 1, 1, 1),
	(489, 'Plant', NULL, 1, 1, 1, 1),
	(490, 'Plant', NULL, 1, 1, 1, 1),
	(491, 'Steam', NULL, 1, 1, 1, 1),
	(492, 'Steam', NULL, 1, 1, 1, 1),
	(493, 'Plant', NULL, 1, 1, 1, 1),
	(494, 'Plant', NULL, 1, 1, 1, 1),
	(495, 'Plant', NULL, 1, 1, 1, 1),
	(496, 'Steam', NULL, 1, 1, 1, 1),
	(497, 'Steam', NULL, 1, 1, 1, 1),
	(498, 'Steam', NULL, 1, 1, 1, 1),
	(499, 'Steam', NULL, 1, 1, 1, 1),
	(500, 'Steam', NULL, 1, 1, 1, 1),
	(501, 'Steam', NULL, 1, 1, 1, 1),
	(502, 'Steam', NULL, 1, 1, 1, 1),
	(503, 'Steam', NULL, 1, 1, 1, 1),
	(504, 'Steam', NULL, 1, 1, 1, 1),
	(505, 'Steam', NULL, 1, 1, 1, 1),
	(506, 'Steam', NULL, 1, 1, 1, 1),
	(507, 'Margin', NULL, 1, 1, 1, 1),
	(508, 'Plant', NULL, 1, 1, 1, 1),
	(509, 'Steam', NULL, 1, 1, 1, 1),
	(510, 'Steam', NULL, 1, 1, 1, 1),
	(511, 'Steam', NULL, 1, 1, 1, 1),
	(512, 'Steam', NULL, 1, 1, 1, 1),
	(513, 'Steam', NULL, 1, 1, 1, 1),
	(514, 'Steam', NULL, 1, 1, 1, 1),
	(515, 'Steam', NULL, 1, 1, 1, 1),
	(516, 'Steam', NULL, 1, 1, 1, 1),
	(517, 'Steam', NULL, 1, 1, 1, 1),
	(518, 'Steam', NULL, 1, 1, 1, 1),
	(519, 'Steam', NULL, 1, 1, 1, 1),
	(520, 'Steam', NULL, 1, 1, 1, 1),
	(521, 'Steam', NULL, 1, 1, 1, 1),
	(522, 'Steam', NULL, 1, 1, 1, 1),
	(523, 'Steam', NULL, 1, 1, 1, 1),
	(524, 'Steam', NULL, 1, 1, 1, 1),
	(525, 'Steam', NULL, 1, 1, 1, 1),
	(526, 'Steam', NULL, 1, 1, 1, 1),
	(527, 'Steam', NULL, 1, 1, 1, 1),
	(528, 'Steam', NULL, 1, 1, 1, 1),
	(529, 'Steam', NULL, 1, 1, 1, 1),
	(530, 'Steam', NULL, 1, 1, 1, 1),
	(531, 'Steam', NULL, 1, 1, 1, 1),
	(532, 'Steam', NULL, 1, 1, 1, 1),
	(533, 'Steam', NULL, 1, 1, 1, 1),
	(534, 'Root', NULL, 1, 1, 1, 1),
	(535, 'Root', NULL, 1, 1, 1, 1),
	(536, 'Root', NULL, 1, 1, 1, 1),
	(537, 'Root', NULL, 1, 1, 1, 1),
	(538, 'Steam', NULL, 1, 1, 1, 1),
	(539, 'Steam', NULL, 1, 1, 1, 1),
	(540, 'Steam', NULL, 1, 1, 1, 1),
	(541, 'Steam', NULL, 1, 1, 1, 1),
	(542, 'Steam', NULL, 1, 1, 1, 1),
	(543, 'Steam', NULL, 1, 1, 1, 1),
	(544, 'Steam', NULL, 1, 1, 1, 1),
	(545, 'Steam', NULL, 1, 1, 1, 1),
	(546, '', NULL, 1, 1, 1, 1),
	(547, 'Steam', NULL, 1, 1, 1, 1),
	(548, 'Steam', NULL, 1, 1, 1, 1),
	(549, 'Steam', NULL, 1, 1, 1, 1),
	(550, 'Steam', NULL, 1, 1, 1, 1),
	(551, '', NULL, 1, 1, 1, 1),
	(552, NULL, NULL, 1, 1, 1, 1),
	(553, 'Plant', NULL, 1, 1, 1, 1),
	(554, 'Plant', NULL, 1, 1, 1, 1),
	(555, 'Which of the following object has same vegetative organ\'s  as Steam has ', NULL, 1, 1, 1, 1),
	(556, 'Which of the following object has same water\'s  as Steam has ', NULL, 1, 1, 1, 1),
	(557, 'Which of the following object has same vegetative organ\'s  as Leaf has ', NULL, 1, 1, 1, 1),
	(558, 'Which of the following object has same water\'s  as Leaf has ', NULL, 1, 1, 1, 1),
	(559, 'Leaf', NULL, 1, 1, 1, 1),
	(560, 'Leaf', NULL, 1, 1, 1, 1),
	(561, 'Plant', NULL, 1, 1, 1, 1),
	(562, 'Plant', NULL, 1, 1, 1, 1),
	(563, 'Plant', NULL, 1, 1, 1, 1),
	(564, 'Plant', NULL, NULL, NULL, NULL, 1),
	(565, 'Steam', NULL, NULL, NULL, NULL, 1),
	(566, 'Which of the following object has same vegetative organ\'s  as Leaf has ', NULL, NULL, NULL, NULL, 1),
	(567, 'Which of the following object has same water\'s  as Leaf has ', NULL, NULL, NULL, NULL, 1),
	(568, 'Leaf', NULL, NULL, NULL, NULL, 1),
	(569, 'Leaf', NULL, NULL, NULL, NULL, 1),
	(570, 'Leaf', NULL, NULL, NULL, NULL, 1),
	(571, 'Leaf', NULL, NULL, NULL, NULL, 1),
	(572, 'Leaf', NULL, NULL, NULL, NULL, 1),
	(573, 'Leaf', NULL, NULL, NULL, NULL, 1),
	(574, 'Leaf', NULL, NULL, NULL, NULL, 1),
	(575, 'Plant', NULL, NULL, NULL, NULL, 1),
	(576, 'Leaf', NULL, NULL, NULL, NULL, 1),
	(577, 'Leaf', NULL, NULL, NULL, NULL, 1),
	(578, 'Steam', NULL, NULL, NULL, NULL, 1),
	(579, 'Plant', NULL, 1, 1, 1, 1),
	(580, 'Plant', NULL, 1, 1, 1, 1),
	(581, 'Plant', NULL, NULL, NULL, NULL, 1),
	(582, 'Plant', NULL, 1, 1, 1, 1),
	(583, 'Plant', NULL, 1, 3, 1, 1),
	(584, 'Plant', NULL, 1, 1, 1, 1),
	(585, 'Plant', NULL, 1, 1, 1, 1),
	(586, 'Plant', NULL, 1, 2, 1, 1),
	(587, 'Plant', NULL, 1, 1, 1, 1),
	(588, 'Plant', NULL, 1, 2, 1, 1),
	(589, 'Plant', NULL, 1, 1, 1, 1),
	(590, 'Plant', NULL, 1, 3, 1, 1),
	(591, 'Plant', NULL, 1, 1, 1, 1),
	(592, 'Plant', NULL, 1, 1, 1, 1),
	(593, 'Plant', NULL, 1, 1, 1, 1),
	(594, 'Plant', NULL, 1, 1, 1, 1),
	(597, 'Plant', NULL, 1, 1, 1, 1),
	(598, 'Plant', NULL, 1, 2, 1, 1),
	(599, 'Plant', NULL, 1, 3, 1, 1),
	(600, 'Plant', NULL, 1, 4, 1, 1),
	(601, 'Plant', NULL, 1, 4, 1, 1),
	(602, 'Plant', NULL, 1, 4, 1, 1),
	(603, 'Steam', NULL, 1, 1, 1, 1),
	(604, 'Steam', NULL, 1, 2, 1, 1),
	(605, 'Steam', NULL, 1, 3, 1, 1),
	(606, 'Steam', NULL, 1, 4, 1, 1),
	(607, 'Leaf', NULL, 1, 4, 1, 1),
	(608, 'Leaf', NULL, 1, 1, 1, 1),
	(609, 'Leaf', NULL, 1, 2, 1, 1),
	(610, 'Leaf', NULL, 1, 3, 1, 1),
	(611, 'Leaf', NULL, 1, 4, 1, 1);
/*!40000 ALTER TABLE `question` ENABLE KEYS */;


-- Dumping structure for table otsdb.questionlineitem
CREATE TABLE IF NOT EXISTS `questionlineitem` (
  `QuestionLineItemId` int(11) NOT NULL AUTO_INCREMENT,
  `Text` varchar(255) DEFAULT NULL,
  `IsCorrect` tinyint(1) DEFAULT NULL,
  `Question_id` int(11) DEFAULT NULL,
  PRIMARY KEY (`QuestionLineItemId`),
  KEY `Question_id` (`Question_id`),
  CONSTRAINT `FK2492265C2989C4BF` FOREIGN KEY (`Question_id`) REFERENCES `question` (`QuestionId`)
) ENGINE=InnoDB AUTO_INCREMENT=1993 DEFAULT CHARSET=utf8;

-- Dumping data for table otsdb.questionlineitem: ~1,829 rows (approximately)
/*!40000 ALTER TABLE `questionlineitem` DISABLE KEYS */;
INSERT IGNORE INTO `questionlineitem` (`QuestionLineItemId`, `Text`, `IsCorrect`, `Question_id`) VALUES
	(9, 'Plant has Root', NULL, 5),
	(10, 'Plant has Steam', NULL, 5),
	(11, 'Plant has Leaf', NULL, 5),
	(12, 'Plant has Root', NULL, 6),
	(13, 'Plant has Steam', NULL, 6),
	(14, 'Plant has Leaf', NULL, 6),
	(15, 'Plant does not have Root', NULL, 7),
	(16, 'Plant does not have Steam', NULL, 7),
	(17, 'Plant does not have Leaf', NULL, 7),
	(18, 'Leaf has Shape', NULL, 8),
	(19, 'Leaf has Margin', NULL, 8),
	(20, 'Steam has Root', NULL, 9),
	(21, 'Steam has Leaf', NULL, 9),
	(22, 'Steam has Shape', NULL, 10),
	(23, 'Steam has Margin', NULL, 10),
	(24, 'Steam does not have Shape', NULL, 11),
	(25, 'Steam does not have Margin', NULL, 11),
	(26, 'Steam does not have Shape', NULL, 12),
	(27, 'Steam does not have Margin', NULL, 12),
	(28, 'Steam does not have Shape', NULL, 13),
	(29, 'Steam does not have Margin', NULL, 13),
	(30, 'Steam has Sprout', NULL, 14),
	(31, 'Steam does not have Sprout', NULL, 15),
	(32, 'Steam has Shape', NULL, 16),
	(33, 'Steam has Margin', NULL, 16),
	(34, 'Steam does not have Shape', NULL, 17),
	(35, 'Steam does not have Margin', NULL, 17),
	(36, 'Steam has Sprout', NULL, 18),
	(37, 'Steam does not have Sprout', NULL, 19),
	(38, 'Steam has Shape', NULL, 20),
	(39, 'Steam has Margin', NULL, 20),
	(40, 'Steam does not have Shape', NULL, 21),
	(41, 'Steam does not have Margin', NULL, 21),
	(42, 'Steam has Sprout', NULL, 22),
	(43, 'Steam does not have Sprout', NULL, 23),
	(44, 'Steam has Shape', NULL, 24),
	(45, 'Steam has Margin', NULL, 24),
	(46, 'Steam does not have Shape', NULL, 25),
	(47, 'Steam does not have Margin', NULL, 25),
	(48, 'Steam has Sprout', NULL, 26),
	(49, 'Steam does not have Sprout', NULL, 27),
	(50, 'Steam has Shape', NULL, 28),
	(51, 'Steam has Margin', NULL, 28),
	(52, 'Steam does not have Shape', NULL, 29),
	(53, 'Steam does not have Margin', NULL, 29),
	(54, 'Steam has Sprout', NULL, 30),
	(55, 'Steam does not have Shape', NULL, 31),
	(56, 'Steam does not have Margin', NULL, 31),
	(57, 'Steam has Sprout', NULL, 32),
	(58, 'Steam does not have Shape', NULL, 33),
	(59, 'Steam does not have Margin', NULL, 33),
	(60, 'Steam has Sprout', NULL, 34),
	(61, 'Steam does not have Shape', NULL, 35),
	(62, 'Steam does not have Margin', NULL, 35),
	(63, 'Steam has Sprout', NULL, 36),
	(64, 'Steam does not have Shape', NULL, 37),
	(65, 'Steam does not have Margin', NULL, 37),
	(66, 'Steam has Sprout', NULL, 38),
	(67, 'Steam does not have Sprout', NULL, 39),
	(68, 'Steam has Shape', NULL, 40),
	(69, 'Steam has Margin', NULL, 40),
	(70, 'Steam does not have Shape', NULL, 41),
	(71, 'Steam does not have Margin', NULL, 41),
	(72, 'Steam has Sprout', NULL, 42),
	(73, 'Steam does not have Sprout', NULL, 43),
	(74, 'Steam has Shape', NULL, 44),
	(75, 'Steam has Margin', NULL, 44),
	(76, 'Steam does not have Shape', NULL, 45),
	(77, 'Steam does not have Margin', NULL, 45),
	(78, 'Steam has Sprout', NULL, 46),
	(79, 'Steam has Shape', NULL, 47),
	(80, 'Steam has Margin', NULL, 47),
	(81, 'Steam has Sprout', NULL, 48),
	(82, 'Steam has Shape', NULL, 49),
	(83, 'Steam has Margin', NULL, 49),
	(84, 'Steam has Sprout', NULL, 50),
	(85, 'Steam has Shape', NULL, 51),
	(86, 'Steam has Margin', NULL, 51),
	(87, 'Steam has Sprout', NULL, 52),
	(88, 'Steam has Shape', NULL, 53),
	(89, 'Steam has Margin', NULL, 53),
	(90, 'Plant has Root', NULL, 54),
	(91, 'Plant has Steam', NULL, 54),
	(92, 'Plant has Leaf', NULL, 54),
	(93, 'Plant has Root', NULL, 55),
	(94, 'Plant has Steam', NULL, 55),
	(95, 'Plant has Leaf', NULL, 55),
	(96, 'Plant has Root', NULL, 56),
	(97, 'Plant has Steam', NULL, 56),
	(98, 'Plant has Leaf', NULL, 56),
	(99, 'Plant has Root', NULL, 57),
	(100, 'Plant has Steam', NULL, 57),
	(101, 'Plant has Leaf', NULL, 57),
	(102, 'Plant has Root', NULL, 58),
	(103, 'Plant has Steam', NULL, 58),
	(104, 'Plant has Leaf', NULL, 58),
	(105, 'Plant has Root', NULL, 59),
	(106, 'Plant has Steam', NULL, 59),
	(107, 'Plant has Leaf', NULL, 59),
	(108, 'Plant has Root', NULL, 60),
	(109, 'Plant has Steam', NULL, 60),
	(110, 'Plant has Leaf', NULL, 60),
	(111, 'Leaf has Shape', NULL, 61),
	(112, 'Leaf has Margin', NULL, 61),
	(113, 'Plant has Root', NULL, 62),
	(114, 'Plant has Steam', NULL, 62),
	(115, 'Plant has Leaf', NULL, 62),
	(116, 'Plant has Root', NULL, 63),
	(117, 'Plant has Steam', NULL, 63),
	(118, 'Plant has Leaf', NULL, 63),
	(119, 'Plant has Root', NULL, 64),
	(120, 'Plant has Steam', NULL, 64),
	(121, 'Plant has Leaf', NULL, 64),
	(122, 'Plant has Root', NULL, 65),
	(123, 'Plant has Steam', NULL, 65),
	(124, 'Plant has Leaf', NULL, 65),
	(125, 'Plant has Root', NULL, 67),
	(126, 'Plant has Steam', NULL, 67),
	(127, 'Plant has Leaf', NULL, 67),
	(128, 'Steam has Sprout', NULL, 68),
	(129, 'Plant has Root', NULL, 69),
	(130, 'Plant has Steam', NULL, 69),
	(131, 'Plant has Leaf', NULL, 69),
	(132, 'Steam has Sprout', NULL, 70),
	(133, 'Leaf has Shape', NULL, 71),
	(134, 'Leaf has Margin', NULL, 71),
	(135, 'Plant has Root', NULL, 72),
	(136, 'Plant has Steam', NULL, 72),
	(137, 'Plant has Leaf', NULL, 72),
	(138, 'Leaf has Shape', NULL, 73),
	(139, 'Leaf has Margin', NULL, 73),
	(140, 'Plant has Root', NULL, 74),
	(141, 'Plant has Steam', NULL, 74),
	(142, 'Plant has Leaf', NULL, 74),
	(143, 'Steam has Sprout', NULL, 75),
	(144, 'Leaf has Shape', NULL, 76),
	(145, 'Leaf has Margin', NULL, 76),
	(146, 'Plant has Root', NULL, 77),
	(147, 'Plant has Steam', NULL, 77),
	(148, 'Plant has Leaf', NULL, 77),
	(149, 'Steam has Sprout', NULL, 78),
	(150, 'Leaf has Shape', NULL, 79),
	(151, 'Leaf has Margin', NULL, 79),
	(152, 'Plant has Root', NULL, 80),
	(153, 'Plant has Steam', NULL, 80),
	(154, 'Plant has Leaf', NULL, 80),
	(155, 'Leaf has Shape', NULL, 81),
	(156, 'Leaf has Margin', NULL, 81),
	(157, 'Leaf has Shape', NULL, 83),
	(158, 'Leaf has Margin', NULL, 83),
	(159, 'Plant has Root', NULL, 84),
	(160, 'Plant has Steam', NULL, 84),
	(161, 'Plant has Leaf', NULL, 84),
	(162, 'Plant has Root', NULL, 85),
	(163, 'Plant has Steam', NULL, 85),
	(164, 'Plant has Leaf', NULL, 85),
	(165, 'Plant has Root', NULL, 86),
	(166, 'Plant has Steam', NULL, 86),
	(167, 'Plant has Leaf', NULL, 86),
	(168, 'Plant has Root', NULL, 87),
	(169, 'Plant has Steam', NULL, 87),
	(170, 'Plant has Leaf', NULL, 87),
	(171, 'Leaf has Shape', NULL, 88),
	(172, 'Leaf has Margin', NULL, 88),
	(173, 'Plant does not have Root', NULL, 89),
	(174, 'Plant does not have Steam', NULL, 89),
	(175, 'Plant does not have Leaf', NULL, 89),
	(176, 'Plant has Root', NULL, 90),
	(177, 'Plant has Steam', NULL, 90),
	(178, 'Plant has Leaf', NULL, 90),
	(179, 'Steam has Shape', NULL, 93),
	(180, 'Steam has Margin', NULL, 93),
	(181, 'Leaf has Sprout', NULL, 94),
	(182, 'Leaf does not have Sprout', NULL, 95),
	(183, 'Steam does not have Shape', NULL, 96),
	(184, 'Steam does not have Margin', NULL, 96),
	(185, 'Plant has Root', NULL, 97),
	(186, 'Plant has Steam', NULL, 97),
	(187, 'Plant has Leaf', NULL, 97),
	(188, 'Plant does not have Root', NULL, 98),
	(189, 'Plant does not have Steam', NULL, 98),
	(190, 'Plant does not have Leaf', NULL, 98),
	(191, 'Steam has Shape', NULL, 99),
	(192, 'Steam has Margin', NULL, 99),
	(193, 'Steam does not have Shape', NULL, 100),
	(194, 'Steam does not have Margin', NULL, 100),
	(195, 'Plant has Root', NULL, 101),
	(196, 'Plant has Steam', NULL, 101),
	(197, 'Plant has Leaf', NULL, 101),
	(198, 'Steam does not have Sprout', NULL, 102),
	(199, 'Steam has Shape', NULL, 103),
	(200, 'Steam has Margin', NULL, 103),
	(201, 'Steam does not have Shape', NULL, 104),
	(202, 'Steam does not have Margin', NULL, 104),
	(203, 'Leaf has Shape', NULL, 105),
	(204, 'Leaf has Margin', NULL, 105),
	(205, 'Plant has Root', NULL, 106),
	(206, 'Plant has Steam', NULL, 106),
	(207, 'Plant has Leaf', NULL, 106),
	(208, 'Leaf has Shape', NULL, 107),
	(209, 'Leaf has Margin', NULL, 107),
	(210, 'Leaf has Shape', NULL, 112),
	(211, 'Leaf has Margin', NULL, 112),
	(212, 'Steam has Sprout', NULL, 113),
	(213, 'Plant has Root', NULL, 114),
	(214, 'Plant has Steam', NULL, 114),
	(215, 'Plant has Leaf', NULL, 114),
	(216, 'Steam has Sprout', NULL, 115),
	(217, 'Steam does not have Sprout', NULL, 116),
	(218, 'Steam has Shape', NULL, 117),
	(219, 'Steam has Margin', NULL, 117),
	(220, 'Steam does not have Shape', NULL, 118),
	(221, 'Steam does not have Margin', NULL, 118),
	(222, 'Sprout does not have Sprout', NULL, 119),
	(223, 'Sprout does not have Shape', NULL, 119),
	(224, 'Sprout does not have Margin', NULL, 119),
	(225, 'Root does not have Sprout', NULL, 120),
	(226, 'Root does not have Shape', NULL, 120),
	(227, 'Root does not have Margin', NULL, 120),
	(228, 'Leaf does not have Sprout', NULL, 121),
	(229, 'Margin does not have Sprout', NULL, 122),
	(230, 'Margin does not have Shape', NULL, 122),
	(231, 'Margin does not have Margin', NULL, 122),
	(232, 'Leaf does not have Sprout', NULL, 123),
	(233, 'Plant has Root', NULL, 124),
	(234, 'Plant has Steam', NULL, 124),
	(235, 'Plant has Leaf', NULL, 124),
	(236, 'Steam has Sprout', NULL, 125),
	(237, 'Steam is vegetative organ', NULL, 128),
	(238, 'Steam can water', NULL, 128),
	(239, 'Steam is vegetative organ', NULL, 129),
	(240, 'The of Steam is ', NULL, 129),
	(241, 'Steam is  vegetative organ', NULL, 130),
	(242, 'Steam can transport water', NULL, 130),
	(243, 'Steam is  vegetative organ', NULL, 131),
	(244, 'Steam can transport water', NULL, 131),
	(245, 'Steam is not  vegetative organ', NULL, 132),
	(246, 'Steam can not transport water', NULL, 132),
	(247, 'Steam is not  vegetative organ', NULL, 133),
	(248, 'Steam can not transport water', NULL, 133),
	(249, 'Steam is  vegetative organ', NULL, 134),
	(250, 'Steam can absorb water', NULL, 134),
	(251, 'Steam is  vegetative organ', NULL, 134),
	(252, 'Steam can evaporate water', NULL, 134),
	(253, 'Steam is  vegetative organ', NULL, 135),
	(254, 'Steam can absorb water', NULL, 135),
	(255, 'Steam can evaporate water', NULL, 135),
	(256, 'Steam can absorb water', NULL, 136),
	(257, 'Steam can evaporate water', NULL, 136),
	(258, 'Steam is  vegetative organ', NULL, 137),
	(259, 'Steam can transport water', NULL, 137),
	(260, 'Steam can absorb water', NULL, 138),
	(261, 'Steam can evaporate water', NULL, 138),
	(262, 'Leaf has Shape', NULL, 139),
	(263, 'Leaf has Margin', NULL, 139),
	(264, 'Root not can transport water', NULL, 140),
	(265, 'Root not can evaporate water', NULL, 140),
	(266, 'Root can not transport water', NULL, 141),
	(267, 'Root can not evaporate water', NULL, 141),
	(268, 'Garden has Taiwan Cherry', NULL, 143),
	(269, 'Garden has Rhododendron', NULL, 143),
	(270, 'Garden has Golden Dewdrop', NULL, 143),
	(271, 'Garden has Broadleaf Lady Palm', NULL, 143),
	(272, 'Taiwan Cherry has  not  Leaf', NULL, 146),
	(273, 'Taiwan Cherry has not  Leaf', NULL, 146),
	(274, 'Taiwan Cherry has not  Leaf', NULL, 146),
	(275, 'Taiwan Cherry has not  Leaf', NULL, 146),
	(276, 'Taiwan Cherry has  not  Leaf', NULL, 147),
	(277, 'Taiwan Cherry has not  Leaf', NULL, 147),
	(278, 'Taiwan Cherry has not  Leaf', NULL, 147),
	(279, 'Taiwan Cherry has not  Leaf', NULL, 147),
	(280, 'The Shape of Taiwan Cherryis not Aristate', NULL, 148),
	(281, 'The Venation of Taiwan Cherryis not Palmate', NULL, 148),
	(282, 'The Margin of Taiwan Cherryis not Serrate', NULL, 148),
	(283, 'The Arrangement of Taiwan Cherryis not Alternate', NULL, 148),
	(284, 'The Shape of Taiwan Cherryis not Obtuse', NULL, 149),
	(285, 'The Venation of Taiwan Cherryis not Palmate', NULL, 149),
	(286, 'The Margin of Taiwan Cherryis not Entire', NULL, 149),
	(287, 'The Arrangement of Taiwan Cherryis not Alternate', NULL, 149),
	(288, 'The Shape of Taiwan Cherryis not Aristate', NULL, 149),
	(289, 'The Venation of Taiwan Cherryis not Palmate', NULL, 149),
	(290, 'The Margin of Taiwan Cherryis not Entire', NULL, 149),
	(291, 'The Arrangement of Taiwan Cherryis not Opposite', NULL, 149),
	(292, 'The Venation of Taiwan Cherryis not Parallel', NULL, 149),
	(293, 'The Shape of Taiwan Cherry is not Obtuse', NULL, 150),
	(294, 'The Venation of Taiwan Cherry is not Palmate', NULL, 150),
	(295, 'The Margin of Taiwan Cherry is not Entire', NULL, 150),
	(296, 'The Arrangement of Taiwan Cherry is not Alternate', NULL, 150),
	(297, 'The Shape of Taiwan Cherry is not Aristate', NULL, 150),
	(298, 'The Venation of Taiwan Cherry is not Palmate', NULL, 150),
	(299, 'The Margin of Taiwan Cherry is not Entire', NULL, 150),
	(300, 'The Arrangement of Taiwan Cherry is not Opposite', NULL, 150),
	(301, 'The Venation of Taiwan Cherry is not Parallel', NULL, 150),
	(302, 'The Shape of Taiwan Cherry Leaf is not Obtuse', NULL, 151),
	(303, 'The Venation of Taiwan Cherry Leaf is not Palmate', NULL, 151),
	(304, 'The Margin of Taiwan Cherry Leaf is not Entire', NULL, 151),
	(305, 'The Arrangement of Taiwan Cherry Leaf is not Alternate', NULL, 151),
	(306, 'The Shape of Taiwan Cherry Leaf is not Aristate', NULL, 151),
	(307, 'The Venation of Taiwan Cherry Leaf is not Palmate', NULL, 151),
	(308, 'The Margin of Taiwan Cherry Leaf is not Entire', NULL, 151),
	(309, 'The Arrangement of Taiwan Cherry Leaf is not Opposite', NULL, 151),
	(310, 'The Venation of Taiwan Cherry Leaf is not Parallel', NULL, 151),
	(311, 'The Shape of Taiwan Cherry leaf is not Obtuse', NULL, 152),
	(312, 'The Venation of Taiwan Cherry leaf is not Palmate', NULL, 152),
	(313, 'The Margin of Taiwan Cherry leaf is not Entire', NULL, 152),
	(314, 'The Arrangement of Taiwan Cherry leaf is not Alternate', NULL, 152),
	(315, 'The Shape of Taiwan Cherry leaf is not Aristate', NULL, 152),
	(316, 'The Venation of Taiwan Cherry leaf is not Palmate', NULL, 152),
	(317, 'The Margin of Taiwan Cherry leaf is not Entire', NULL, 152),
	(318, 'The Arrangement of Taiwan Cherry leaf is not Opposite', NULL, 152),
	(319, 'The Venation of Taiwan Cherry leaf is not Parallel', NULL, 152),
	(320, 'The Shape of Taiwan Cherry leaf is not obtuse', NULL, 153),
	(321, 'The Venation of Taiwan Cherry leaf is not palmate', NULL, 153),
	(322, 'The Margin of Taiwan Cherry leaf is not entire', NULL, 153),
	(323, 'The Arrangement of Taiwan Cherry leaf is not alternate', NULL, 153),
	(324, 'The Shape of Taiwan Cherry leaf is not aristate', NULL, 153),
	(325, 'The Venation of Taiwan Cherry leaf is not palmate', NULL, 153),
	(326, 'The Margin of Taiwan Cherry leaf is not entire', NULL, 153),
	(327, 'The Arrangement of Taiwan Cherry leaf is not opposite', NULL, 153),
	(328, 'The Venation of Taiwan Cherry leaf is not parallel', NULL, 153),
	(329, 'The shape of Taiwan Cherry\'s leaf is not obtuse', NULL, 154),
	(330, 'The venation of Taiwan Cherry\'s leaf is not palmate', NULL, 154),
	(331, 'The margin of Taiwan Cherry\'s leaf is not entire', NULL, 154),
	(332, 'The arrangement of Taiwan Cherry\'s leaf is not alternate', NULL, 154),
	(333, 'The shape of Taiwan Cherry\'s leaf is not aristate', NULL, 154),
	(334, 'The venation of Taiwan Cherry\'s leaf is not palmate', NULL, 154),
	(335, 'The margin of Taiwan Cherry\'s leaf is not entire', NULL, 154),
	(336, 'The arrangement of Taiwan Cherry\'s leaf is not opposite', NULL, 154),
	(337, 'The venation of Taiwan Cherry\'s leaf is not parallel', NULL, 154),
	(338, 'The shape of Taiwan Cherry\'s leaf is not obtuse', NULL, 155),
	(339, 'The venation of Taiwan Cherry\'s leaf is not palmate', NULL, 155),
	(340, 'The margin of Taiwan Cherry\'s leaf is not entire', NULL, 155),
	(341, 'The arrangement of Taiwan Cherry\'s leaf is not alternate', NULL, 155),
	(342, 'The shape of Taiwan Cherry\'s leaf is not aristate', NULL, 155),
	(343, 'The arrangement of Taiwan Cherry\'s leaf is not opposite', NULL, 155),
	(344, 'The venation of Taiwan Cherry\'s leaf is not parallel', NULL, 155),
	(345, 'Steam is  vegetative organ', NULL, 156),
	(346, 'Steam can transport water', NULL, 156),
	(347, 'The  of Steam\'s vegetative organ is not ', NULL, 157),
	(348, 'Steam can not transport water', NULL, 157),
	(349, 'Steam can not absorb water', NULL, 158),
	(350, 'Steam can not evaporate water', NULL, 158),
	(351, 'Steam can not absorb water', NULL, 159),
	(352, 'Steam can not evaporate water', NULL, 159),
	(353, 'Steam is  vegetative organ', NULL, 160),
	(354, 'Steam can transport water', NULL, 160),
	(355, 'The  of Steam\'s vegetative organ is not ', NULL, 161),
	(356, 'Steam can not transport water', NULL, 161),
	(357, 'Steam can not absorb water', NULL, 162),
	(358, 'Steam can not evaporate water', NULL, 162),
	(359, 'Steam can not absorb water', NULL, 163),
	(360, 'Steam can not evaporate water', NULL, 163),
	(361, 'Steam is  vegetative organ', NULL, 164),
	(362, 'Steam can transport water', NULL, 164),
	(363, 'Steam is  vegetative organ', NULL, 165),
	(364, 'Steam can transport water', NULL, 165),
	(365, 'The  of Steam\'s vegetative organ is not ', NULL, 166),
	(366, 'Steam can not transport water', NULL, 166),
	(367, 'The  of Steam\'s vegetative organ is not ', NULL, 167),
	(368, 'Steam can not transport water', NULL, 167),
	(369, 'The  of Steam\'s vegetative organ is not ', NULL, 168),
	(370, 'Steam can not transport water', NULL, 168),
	(371, 'The  of Root\'s vegetative organ is not ', NULL, 169),
	(372, 'Root can not absorb water', NULL, 169),
	(373, 'Root is not  vegetative organ', NULL, 170),
	(374, 'Root can not absorb water', NULL, 170),
	(375, 'Steam is not  vegetative organ', NULL, 171),
	(376, 'Steam can not transport water', NULL, 171),
	(377, 'Steam is  vegetative organ', NULL, 172),
	(378, 'Steam can transport water', NULL, 172),
	(379, 'Steam is not  vegetative organ', NULL, 173),
	(380, 'Steam can not transport water', NULL, 173),
	(381, 'Steam is  vegetative organ', NULL, 174),
	(382, 'Steam can transport water', NULL, 174),
	(383, 'Steam is not  vegetative organ', NULL, 175),
	(384, 'Steam can not transport water', NULL, 175),
	(385, 'Steam is  vegetative organ', NULL, 176),
	(386, 'Steam can transport water', NULL, 176),
	(387, 'Steam is not  vegetative organ', NULL, 177),
	(388, 'Steam can not transport water', NULL, 177),
	(389, 'Steam is  vegetative organ', NULL, 178),
	(390, 'Steam can transport water', NULL, 178),
	(391, 'Steam is not  vegetative organ', NULL, 179),
	(392, 'Steam can not transport water', NULL, 179),
	(393, 'Steam is  vegetative organ', NULL, 180),
	(394, 'Steam can transport water', NULL, 180),
	(395, 'Steam is not  vegetative organ', NULL, 181),
	(396, 'Steam can not transport water', NULL, 181),
	(397, 'Steam is  vegetative organ', NULL, 182),
	(398, 'Steam can transport water', NULL, 182),
	(399, 'Steam is not  vegetative organ', NULL, 183),
	(400, 'Steam can not transport water', NULL, 183),
	(401, 'Steam is  vegetative organ', NULL, 184),
	(402, 'Steam can transport water', NULL, 184),
	(403, 'Steam is not  vegetative organ', NULL, 185),
	(404, 'Steam can not transport water', NULL, 185),
	(405, 'Steam is  vegetative organ', NULL, 186),
	(406, 'Steam can transport water', NULL, 186),
	(407, 'Steam is  vegetative organ', NULL, 187),
	(408, 'Steam can transport water', NULL, 187),
	(409, 'Steam is not  vegetative organ', NULL, 188),
	(410, 'Steam can not transport water', NULL, 188),
	(411, 'Steam is not  vegetative organ', NULL, 189),
	(412, 'Steam can not transport water', NULL, 189),
	(413, 'Steam is  vegetative organ', NULL, 190),
	(414, 'Steam can transport water', NULL, 190),
	(415, 'Steam is not  vegetative organ', NULL, 191),
	(416, 'Steam can not transport water', NULL, 191),
	(417, 'Steam is  vegetative organ', NULL, 192),
	(418, 'Steam can transport water', NULL, 192),
	(419, 'Steam is not  vegetative organ', NULL, 193),
	(420, 'Steam can not transport water', NULL, 193),
	(421, 'Steam is  vegetative organ', NULL, 194),
	(422, 'Steam can transport water', NULL, 194),
	(423, 'Steam is not  vegetative organ', NULL, 195),
	(424, 'Steam can not transport water', NULL, 195),
	(425, 'Steam can not absorb water', NULL, 196),
	(426, 'Steam can not evaporate water', NULL, 196),
	(427, 'Steam is  vegetative organ', NULL, 197),
	(428, 'Steam can transport water', NULL, 197),
	(429, 'Steam is not  vegetative organ', NULL, 198),
	(430, 'Steam can not transport water', NULL, 198),
	(431, 'Steam can not absorb water', NULL, 199),
	(432, 'Steam can not evaporate water', NULL, 199),
	(433, 'Steam is  vegetative organ', NULL, 200),
	(434, 'Steam can transport water', NULL, 200),
	(435, 'Steam is not  vegetative organ', NULL, 201),
	(436, 'Steam can not transport water', NULL, 201),
	(437, 'Steam can not absorb water', NULL, 202),
	(438, 'Steam can not evaporate water', NULL, 202),
	(439, 'Steam can not absorb water', NULL, 203),
	(440, 'Steam can not evaporate water', NULL, 203),
	(441, 'Steam is  vegetative organ', NULL, 204),
	(442, 'Steam can transport water', NULL, 204),
	(443, 'Steam is not  vegetative organ', NULL, 205),
	(444, 'Steam can not transport water', NULL, 205),
	(445, 'Steam can not absorb water', NULL, 206),
	(446, 'Steam can not evaporate water', NULL, 206),
	(447, 'Steam can not absorb water', NULL, 207),
	(448, 'Steam can not evaporate water', NULL, 207),
	(449, 'Steam can not absorb water', NULL, 208),
	(450, 'Steam can not evaporate water', NULL, 208),
	(451, 'Steam can not absorb water', NULL, 209),
	(452, 'Steam can not evaporate water', NULL, 209),
	(453, 'Steam is  vegetative organ', NULL, 210),
	(454, 'Steam can transport water', NULL, 210),
	(455, 'Steam can not absorb water', NULL, 211),
	(456, 'Steam can not evaporate water', NULL, 211),
	(457, 'Steam can not absorb water', NULL, 212),
	(458, 'Steam can not evaporate water', NULL, 212),
	(459, 'Steam is  vegetative organ', NULL, 213),
	(460, 'Steam can transport water', NULL, 213),
	(461, 'Steam can not absorb water', NULL, 214),
	(462, 'Steam can not evaporate water', NULL, 214),
	(463, 'Steam can not absorb water', NULL, 215),
	(464, 'Steam can not evaporate water', NULL, 215),
	(465, 'Steam is  vegetative organ', NULL, 216),
	(466, 'Steam can transport water', NULL, 216),
	(467, 'Steam is not  vegetative organ', NULL, 217),
	(468, 'Steam can not transport water', NULL, 217),
	(469, 'Steam can not absorb water', NULL, 218),
	(470, 'Steam can not evaporate water', NULL, 218),
	(471, 'Steam can not absorb water', NULL, 219),
	(472, 'Steam can not evaporate water', NULL, 219),
	(473, 'Steam is  vegetative organ', NULL, 220),
	(474, 'Steam can transport water', NULL, 220),
	(475, 'Steam is not  vegetative organ', NULL, 221),
	(476, 'Steam can not transport water', NULL, 221),
	(477, 'Steam can not absorb water', NULL, 222),
	(478, 'Steam can not evaporate water', NULL, 222),
	(479, 'Steam can not absorb water', NULL, 223),
	(480, 'Steam can not evaporate water', NULL, 223),
	(481, 'Steam is  vegetative organ', NULL, 224),
	(482, 'Steam can transport water', NULL, 224),
	(483, 'Steam is not  vegetative organ', NULL, 225),
	(484, 'Steam can not transport water', NULL, 225),
	(485, 'Steam can not absorb water', NULL, 226),
	(486, 'Steam can not evaporate water', NULL, 226),
	(487, 'Steam can not absorb water', NULL, 227),
	(488, 'Steam can not evaporate water', NULL, 227),
	(489, 'Steam is  vegetative organ', NULL, 228),
	(490, 'Steam can transport water', NULL, 228),
	(491, 'Steam is not  vegetative organ', NULL, 229),
	(492, 'Steam can not transport water', NULL, 229),
	(493, 'Steam can not absorb water', NULL, 230),
	(494, 'Steam can not evaporate water', NULL, 230),
	(495, 'Steam can not absorb water', NULL, 231),
	(496, 'Steam can not evaporate water', NULL, 231),
	(497, 'None of the above statement is true', NULL, 232),
	(498, 'Taiwan Cherry has   Leaf', NULL, 233),
	(499, 'Taiwan Cherry has  Leaf', NULL, 233),
	(500, 'Taiwan Cherry has  Leaf', NULL, 233),
	(501, 'Taiwan Cherry has  Leaf', NULL, 233),
	(502, 'Taiwan Cherry has  not  Leaf', NULL, 234),
	(503, 'Taiwan Cherry has not  Leaf', NULL, 234),
	(504, 'Taiwan Cherry has not  Leaf', NULL, 234),
	(505, 'Taiwan Cherry has not  Leaf', NULL, 234),
	(506, 'The shape of Taiwan Cherry\'s leaf is not obtuse', NULL, 235),
	(507, 'The venation of Taiwan Cherry\'s leaf is not palmate', NULL, 235),
	(508, 'The margin of Taiwan Cherry\'s leaf is not entire', NULL, 235),
	(509, 'The arrangement of Taiwan Cherry\'s leaf is not alternate', NULL, 235),
	(510, 'The shape of Taiwan Cherry\'s leaf is not aristate', NULL, 235),
	(511, 'The arrangement of Taiwan Cherry\'s leaf is not opposite', NULL, 235),
	(512, 'The venation of Taiwan Cherry\'s leaf is not parallel', NULL, 235),
	(513, 'The shape of Taiwan Cherry\'s leaf is not obtuse', NULL, 236),
	(514, 'The venation of Taiwan Cherry\'s leaf is not palmate', NULL, 236),
	(515, 'The margin of Taiwan Cherry\'s leaf is not entire', NULL, 236),
	(516, 'The arrangement of Taiwan Cherry\'s leaf is not alternate', NULL, 236),
	(517, 'The shape of Taiwan Cherry\'s leaf is not aristate', NULL, 236),
	(518, 'The arrangement of Taiwan Cherry\'s leaf is not opposite', NULL, 236),
	(519, 'The venation of Taiwan Cherry\'s leaf is not parallel', NULL, 236),
	(520, 'Taiwan Cherry has   Leaf', NULL, 237),
	(521, 'Taiwan Cherry has  Leaf', NULL, 237),
	(522, 'Taiwan Cherry has  Leaf', NULL, 237),
	(523, 'Taiwan Cherry has  Leaf', NULL, 237),
	(524, 'Taiwan Cherry has  not  Leaf', NULL, 238),
	(525, 'Taiwan Cherry has not  Leaf', NULL, 238),
	(526, 'Taiwan Cherry has not  Leaf', NULL, 238),
	(527, 'Taiwan Cherry has not  Leaf', NULL, 238),
	(528, 'The shape of Taiwan Cherry\'s leaf is not obtuse', NULL, 239),
	(529, 'The venation of Taiwan Cherry\'s leaf is not palmate', NULL, 239),
	(530, 'The margin of Taiwan Cherry\'s leaf is not entire', NULL, 239),
	(531, 'The arrangement of Taiwan Cherry\'s leaf is not alternate', NULL, 239),
	(532, 'The shape of Taiwan Cherry\'s leaf is not aristate', NULL, 239),
	(533, 'The arrangement of Taiwan Cherry\'s leaf is not opposite', NULL, 239),
	(534, 'The venation of Taiwan Cherry\'s leaf is not parallel', NULL, 239),
	(535, 'The shape of Taiwan Cherry\'s leaf is not obtuse', NULL, 240),
	(536, 'The venation of Taiwan Cherry\'s leaf is not palmate', NULL, 240),
	(537, 'The margin of Taiwan Cherry\'s leaf is not entire', NULL, 240),
	(538, 'The arrangement of Taiwan Cherry\'s leaf is not alternate', NULL, 240),
	(539, 'The shape of Taiwan Cherry\'s leaf is not aristate', NULL, 240),
	(540, 'The arrangement of Taiwan Cherry\'s leaf is not opposite', NULL, 240),
	(541, 'The venation of Taiwan Cherry\'s leaf is not parallel', NULL, 240),
	(542, 'None of the above statement is true', NULL, 241),
	(543, 'Taiwan Cherry has   Leaf', NULL, 242),
	(544, 'Taiwan Cherry has  Leaf', NULL, 242),
	(545, 'Taiwan Cherry has  Leaf', NULL, 242),
	(546, 'Taiwan Cherry has  Leaf', NULL, 242),
	(547, 'Taiwan Cherry has   Leaf', NULL, 243),
	(548, 'Taiwan Cherry has  Leaf', NULL, 243),
	(549, 'Taiwan Cherry has  Leaf', NULL, 243),
	(550, 'Taiwan Cherry has  Leaf', NULL, 243),
	(551, 'None of the above statement is true', NULL, 244),
	(552, 'Taiwan Cherry has   Leaf', NULL, 245),
	(553, 'Taiwan Cherry has  Leaf', NULL, 245),
	(554, 'Taiwan Cherry has  Leaf', NULL, 245),
	(555, 'Taiwan Cherry has  Leaf', NULL, 245),
	(556, 'Taiwan Cherry has   Leaf', NULL, 246),
	(557, 'Taiwan Cherry has  Leaf', NULL, 246),
	(558, 'Taiwan Cherry has  Leaf', NULL, 246),
	(559, 'Taiwan Cherry has  Leaf', NULL, 246),
	(560, 'None of the above statement is true', NULL, 247),
	(561, 'Taiwan Cherry has   Leaf', NULL, 248),
	(562, 'Taiwan Cherry has  Leaf', NULL, 248),
	(563, 'Taiwan Cherry has  Leaf', NULL, 248),
	(564, 'Taiwan Cherry has  Leaf', NULL, 248),
	(565, 'Taiwan Cherry has   Leaf', NULL, 249),
	(566, 'Taiwan Cherry has  Leaf', NULL, 249),
	(567, 'Taiwan Cherry has  Leaf', NULL, 249),
	(568, 'Taiwan Cherry has  Leaf', NULL, 249),
	(569, 'None of the above statement is true', NULL, 250),
	(570, 'Taiwan Cherry has   Leaf', NULL, 251),
	(571, 'Taiwan Cherry has  Leaf', NULL, 251),
	(572, 'Taiwan Cherry has  Leaf', NULL, 251),
	(573, 'Taiwan Cherry has  Leaf', NULL, 251),
	(574, 'Taiwan Cherry has   Leaf', NULL, 252),
	(575, 'Taiwan Cherry has  Leaf', NULL, 252),
	(576, 'Taiwan Cherry has  Leaf', NULL, 252),
	(577, 'Taiwan Cherry has  Leaf', NULL, 252),
	(578, 'None of the above statement is true', NULL, 253),
	(579, 'The Shape of Taiwan Cherryis Aristate', NULL, 254),
	(580, 'The Venation of Taiwan Cherryis Palmate', NULL, 254),
	(581, 'The Margin of Taiwan Cherryis Serrate', NULL, 254),
	(582, 'The Arrangement of Taiwan Cherryis Alternate', NULL, 254),
	(583, 'The Shape of Taiwan Cherryis Aristate', NULL, 255),
	(584, 'The Venation of Taiwan Cherryis Palmate', NULL, 255),
	(585, 'The Margin of Taiwan Cherryis Serrate', NULL, 255),
	(586, 'The Arrangement of Taiwan Cherryis Alternate', NULL, 255),
	(587, 'None of the above statement is true', NULL, 256),
	(588, 'The Shape of Taiwan Cherryis Aristate', NULL, 257),
	(589, 'The Venation of Taiwan Cherryis Palmate', NULL, 257),
	(590, 'The Margin of Taiwan Cherryis Serrate', NULL, 257),
	(591, 'The Arrangement of Taiwan Cherryis Alternate', NULL, 257),
	(592, 'The Shape of Taiwan Cherryis Aristate', NULL, 258),
	(593, 'The Venation of Taiwan Cherryis Palmate', NULL, 258),
	(594, 'The Margin of Taiwan Cherryis Serrate', NULL, 258),
	(595, 'The Arrangement of Taiwan Cherryis Alternate', NULL, 258),
	(596, 'None of the above statement is true', NULL, 259),
	(597, 'The Shape of Taiwan Cherryis Aristate', NULL, 260),
	(598, 'The Venation of Taiwan Cherryis Palmate', NULL, 260),
	(599, 'The Margin of Taiwan Cherryis Serrate', NULL, 260),
	(600, 'The Arrangement of Taiwan Cherryis Alternate', NULL, 260),
	(601, 'The Shape of Taiwan Cherryis Aristate', NULL, 261),
	(602, 'The Venation of Taiwan Cherryis Palmate', NULL, 261),
	(603, 'The Margin of Taiwan Cherryis Serrate', NULL, 261),
	(604, 'The Arrangement of Taiwan Cherryis Alternate', NULL, 261),
	(605, 'None of the above statement is true', NULL, 262),
	(606, 'The shape of Taiwan Cherry is aristate', NULL, 263),
	(607, 'The venation of Taiwan Cherry is palmate', NULL, 263),
	(608, 'The margin of Taiwan Cherry is serrate', NULL, 263),
	(609, 'The arrangement of Taiwan Cherry is alternate', NULL, 263),
	(610, 'The shape of Taiwan Cherry is aristate', NULL, 264),
	(611, 'The venation of Taiwan Cherry is palmate', NULL, 264),
	(612, 'The margin of Taiwan Cherry is serrate', NULL, 264),
	(613, 'The arrangement of Taiwan Cherry is alternate', NULL, 264),
	(614, 'None of the above statement is true', NULL, 265),
	(615, 'The shape of Taiwan Cherry\'s is aristate', NULL, 266),
	(616, 'The venation of Taiwan Cherry\'s is palmate', NULL, 266),
	(617, 'The margin of Taiwan Cherry\'s is serrate', NULL, 266),
	(618, 'The arrangement of Taiwan Cherry\'s is alternate', NULL, 266),
	(619, 'The shape of Taiwan Cherry\'s is aristate', NULL, 267),
	(620, 'The venation of Taiwan Cherry\'s is palmate', NULL, 267),
	(621, 'The margin of Taiwan Cherry\'s is serrate', NULL, 267),
	(622, 'The arrangement of Taiwan Cherry\'s is alternate', NULL, 267),
	(623, 'None of the above statement is true', NULL, 268),
	(624, 'The  of Steam\'s is ', NULL, 269),
	(625, 'Steam can transport water', NULL, 269),
	(626, 'The shape of Taiwan Cherry\'s is aristate', NULL, 270),
	(627, 'The venation of Taiwan Cherry\'s is palmate', NULL, 270),
	(628, 'The margin of Taiwan Cherry\'s is serrate', NULL, 270),
	(629, 'The arrangement of Taiwan Cherry\'s is alternate', NULL, 270),
	(630, 'The shape of Taiwan Cherry\'s is aristate', NULL, 271),
	(631, 'The venation of Taiwan Cherry\'s is palmate', NULL, 271),
	(632, 'The margin of Taiwan Cherry\'s is serrate', NULL, 271),
	(633, 'The arrangement of Taiwan Cherry\'s is alternate', NULL, 271),
	(634, 'None of the above statement is true', NULL, 272),
	(635, 'The  of Steam\'s is ', NULL, 273),
	(636, 'Steam can transport water', NULL, 273),
	(637, 'The  of Steam\'s is ', NULL, 274),
	(638, 'Steam can transport water', NULL, 274),
	(639, 'Steam is vegetative organ', NULL, 275),
	(640, 'Steam can transport water', NULL, 275),
	(641, 'The shape of Taiwan Cherry\'s is aristate', NULL, 276),
	(642, 'The venation of Taiwan Cherry\'s is palmate', NULL, 276),
	(643, 'The margin of Taiwan Cherry\'s is serrate', NULL, 276),
	(644, 'The arrangement of Taiwan Cherry\'s is alternate', NULL, 276),
	(645, 'The shape of Taiwan Cherry\'s is aristate', NULL, 277),
	(646, 'The venation of Taiwan Cherry\'s is palmate', NULL, 277),
	(647, 'The margin of Taiwan Cherry\'s is serrate', NULL, 277),
	(648, 'The arrangement of Taiwan Cherry\'s is alternate', NULL, 277),
	(649, 'None of the above statement is true', NULL, 278),
	(650, 'Steam has Sprout', NULL, 279),
	(651, 'Steam does not have Sprout', NULL, 280),
	(652, 'Steam has Shape', NULL, 281),
	(653, 'Steam has Margin', NULL, 281),
	(654, 'Steam does not have Shape', NULL, 282),
	(655, 'Steam does not have Margin', NULL, 282),
	(656, 'Steam has Sprout', NULL, 283),
	(657, 'Steam does not have Sprout', NULL, 284),
	(658, 'Steam has Shape', NULL, 285),
	(659, 'Steam has Margin', NULL, 285),
	(660, 'Steam does not have Shape', NULL, 286),
	(661, 'Steam does not have Margin', NULL, 286),
	(662, 'Taiwan Cherry has  not  Leaf', NULL, 287),
	(663, 'Taiwan Cherry has not  Leaf', NULL, 287),
	(664, 'Taiwan Cherry has not  Leaf', NULL, 287),
	(665, 'Taiwan Cherry has not  Leaf', NULL, 287),
	(666, 'Taiwan Cherry has  not  Leaf', NULL, 288),
	(667, 'Taiwan Cherry has not  Leaf', NULL, 288),
	(668, 'Taiwan Cherry has not  Leaf', NULL, 288),
	(669, 'Taiwan Cherry has not  Leaf', NULL, 288),
	(670, 'None of the above statement is true', NULL, 289),
	(671, 'Taiwan Cherry has  not  Leaf', NULL, 290),
	(672, 'Taiwan Cherry has not  Leaf', NULL, 290),
	(673, 'Taiwan Cherry has not  Leaf', NULL, 290),
	(674, 'Taiwan Cherry has not  Leaf', NULL, 290),
	(675, 'Taiwan Cherry has  not  Leaf', NULL, 291),
	(676, 'Taiwan Cherry has not  Leaf', NULL, 291),
	(677, 'Taiwan Cherry has not  Leaf', NULL, 291),
	(678, 'Taiwan Cherry has not  Leaf', NULL, 291),
	(679, 'None of the above statement is true', NULL, 292),
	(680, 'The Shape of Taiwan Cherryis Aristate', NULL, 293),
	(681, 'The Venation of Taiwan Cherryis Palmate', NULL, 293),
	(682, 'The Margin of Taiwan Cherryis Serrate', NULL, 293),
	(683, 'The Arrangement of Taiwan Cherryis Alternate', NULL, 293),
	(684, 'The Shape of Taiwan Cherryis Aristate', NULL, 294),
	(685, 'The Venation of Taiwan Cherryis Palmate', NULL, 294),
	(686, 'The Margin of Taiwan Cherryis Serrate', NULL, 294),
	(687, 'The Arrangement of Taiwan Cherryis Alternate', NULL, 294),
	(688, 'None of the above statement is true', NULL, 295),
	(689, 'The Shape of Taiwan Cherryis Aristate', NULL, 296),
	(690, 'The Venation of Taiwan Cherryis Palmate', NULL, 296),
	(691, 'The Margin of Taiwan Cherryis Serrate', NULL, 296),
	(692, 'The Arrangement of Taiwan Cherryis Alternate', NULL, 296),
	(693, 'The Shape of Taiwan Cherryis Aristate', NULL, 297),
	(694, 'The Venation of Taiwan Cherryis Palmate', NULL, 297),
	(695, 'The Margin of Taiwan Cherryis Serrate', NULL, 297),
	(696, 'The Arrangement of Taiwan Cherryis Alternate', NULL, 297),
	(697, 'None of the above statement is true', NULL, 298),
	(698, 'The shape of Taiwan Cherry is not aristate', NULL, 299),
	(699, 'The venation of Taiwan Cherry is not palmate', NULL, 299),
	(700, 'The margin of Taiwan Cherry is not serrate', NULL, 299),
	(701, 'The arrangement of Taiwan Cherry is not alternate', NULL, 299),
	(702, 'The shape of Taiwan Cherry is not aristate', NULL, 300),
	(703, 'The venation of Taiwan Cherry is not palmate', NULL, 300),
	(704, 'The margin of Taiwan Cherry is not serrate', NULL, 300),
	(705, 'The arrangement of Taiwan Cherry is not alternate', NULL, 300),
	(706, 'None of the above statement is true', NULL, 301),
	(707, 'None of the above statement is true', NULL, 304),
	(708, 'None of the above statement is true', NULL, 307),
	(709, 'The shape of Taiwan Cherryis obtuse', NULL, 308),
	(710, 'The margin of Taiwan Cherryis entire', NULL, 308),
	(711, 'The arrangement of Taiwan Cherryis opposite', NULL, 308),
	(712, 'The venation of Taiwan Cherryis parallel', NULL, 308),
	(713, 'The shape of Taiwan Cherryis obtuse', NULL, 309),
	(714, 'The margin of Taiwan Cherryis entire', NULL, 309),
	(715, 'The arrangement of Taiwan Cherryis opposite', NULL, 309),
	(716, 'The venation of Taiwan Cherryis parallel', NULL, 309),
	(717, 'None of the above statement is true', NULL, 310),
	(718, 'The shape of Taiwan Cherry\'sLeaf is obtuse', NULL, 311),
	(719, 'The margin of Taiwan Cherry\'sLeaf is entire', NULL, 311),
	(720, 'The arrangement of Taiwan Cherry\'sLeaf is opposite', NULL, 311),
	(721, 'The venation of Taiwan Cherry\'sLeaf is parallel', NULL, 311),
	(722, 'The shape of Taiwan Cherry\'sLeaf is obtuse', NULL, 312),
	(723, 'The margin of Taiwan Cherry\'sLeaf is entire', NULL, 312),
	(724, 'The arrangement of Taiwan Cherry\'sLeaf is opposite', NULL, 312),
	(725, 'The venation of Taiwan Cherry\'sLeaf is parallel', NULL, 312),
	(726, 'None of the above statement is true', NULL, 313),
	(727, 'The shape of Taiwan Cherry\'s Leaf is obtuse', NULL, 314),
	(728, 'The margin of Taiwan Cherry\'s Leaf is entire', NULL, 314),
	(729, 'The arrangement of Taiwan Cherry\'s Leaf is opposite', NULL, 314),
	(730, 'The venation of Taiwan Cherry\'s Leaf is parallel', NULL, 314),
	(731, 'The shape of Taiwan Cherry\'s Leaf is obtuse', NULL, 315),
	(732, 'The margin of Taiwan Cherry\'s Leaf is entire', NULL, 315),
	(733, 'The arrangement of Taiwan Cherry\'s Leaf is opposite', NULL, 315),
	(734, 'The venation of Taiwan Cherry\'s Leaf is parallel', NULL, 315),
	(735, 'None of the above statement is true', NULL, 316),
	(736, 'The shape of Taiwan Cherry\'s leaf is not obtuse', NULL, 317),
	(737, 'The venation of Taiwan Cherry\'s leaf is not palmate', NULL, 317),
	(738, 'The margin of Taiwan Cherry\'s leaf is not entire', NULL, 317),
	(739, 'The arrangement of Taiwan Cherry\'s leaf is not alternate', NULL, 317),
	(740, 'The shape of Taiwan Cherry\'s leaf is not aristate', NULL, 317),
	(741, 'The arrangement of Taiwan Cherry\'s leaf is not opposite', NULL, 317),
	(742, 'The venation of Taiwan Cherry\'s leaf is not parallel', NULL, 317),
	(743, 'The shape of Taiwan Cherry\'s leaf is not obtuse', NULL, 318),
	(744, 'The venation of Taiwan Cherry\'s leaf is not palmate', NULL, 318),
	(745, 'The margin of Taiwan Cherry\'s leaf is not entire', NULL, 318),
	(746, 'The arrangement of Taiwan Cherry\'s leaf is not alternate', NULL, 318),
	(747, 'The shape of Taiwan Cherry\'s leaf is not aristate', NULL, 318),
	(748, 'The arrangement of Taiwan Cherry\'s leaf is not opposite', NULL, 318),
	(749, 'The venation of Taiwan Cherry\'s leaf is not parallel', NULL, 318),
	(750, 'None of the above statement is true', NULL, 319),
	(751, 'The shape of Taiwan Cherry\'s is aristate', NULL, 320),
	(752, 'The venation of Taiwan Cherry\'s is palmate', NULL, 320),
	(753, 'The margin of Taiwan Cherry\'s is serrate', NULL, 320),
	(754, 'The arrangement of Taiwan Cherry\'s is alternate', NULL, 320),
	(755, 'The shape of Taiwan Cherry is not aristate', NULL, 321),
	(756, 'The venation of Taiwan Cherry is not palmate', NULL, 321),
	(757, 'The margin of Taiwan Cherry is not serrate', NULL, 321),
	(758, 'The arrangement of Taiwan Cherry is not alternate', NULL, 321),
	(759, 'The shape of Taiwan Cherry\'s Leaf is obtuse', NULL, 322),
	(760, 'The margin of Taiwan Cherry\'s Leaf is entire', NULL, 322),
	(761, 'The arrangement of Taiwan Cherry\'s Leaf is opposite', NULL, 322),
	(762, 'The venation of Taiwan Cherry\'s Leaf is parallel', NULL, 322),
	(763, 'The shape of Taiwan Cherry\'s leaf is not obtuse', NULL, 323),
	(764, 'The venation of Taiwan Cherry\'s leaf is not palmate', NULL, 323),
	(765, 'The margin of Taiwan Cherry\'s leaf is not entire', NULL, 323),
	(766, 'The arrangement of Taiwan Cherry\'s leaf is not alternate', NULL, 323),
	(767, 'The shape of Taiwan Cherry\'s leaf is not aristate', NULL, 323),
	(768, 'The arrangement of Taiwan Cherry\'s leaf is not opposite', NULL, 323),
	(769, 'The venation of Taiwan Cherry\'s leaf is not parallel', NULL, 323),
	(770, 'The shape of Taiwan Cherry\'s is aristate', NULL, 324),
	(771, 'The venation of Taiwan Cherry\'s is palmate', NULL, 324),
	(772, 'The margin of Taiwan Cherry\'s is serrate', NULL, 324),
	(773, 'The arrangement of Taiwan Cherry\'s is alternate', NULL, 324),
	(774, 'The shape of Taiwan Cherry is not aristate', NULL, 325),
	(775, 'The venation of Taiwan Cherry is not palmate', NULL, 325),
	(776, 'The margin of Taiwan Cherry is not serrate', NULL, 325),
	(777, 'The arrangement of Taiwan Cherry is not alternate', NULL, 325),
	(778, 'The shape of Taiwan Cherry\'s Leaf is obtuse', NULL, 326),
	(779, 'The margin of Taiwan Cherry\'s Leaf is entire', NULL, 326),
	(780, 'The arrangement of Taiwan Cherry\'s Leaf is opposite', NULL, 326),
	(781, 'The venation of Taiwan Cherry\'s Leaf is parallel', NULL, 326),
	(782, 'The shape of Taiwan Cherry\'s leaf is not obtuse', NULL, 327),
	(783, 'The venation of Taiwan Cherry\'s leaf is not palmate', NULL, 327),
	(784, 'The margin of Taiwan Cherry\'s leaf is not entire', NULL, 327),
	(785, 'The arrangement of Taiwan Cherry\'s leaf is not alternate', NULL, 327),
	(786, 'The shape of Taiwan Cherry\'s leaf is not aristate', NULL, 327),
	(787, 'The arrangement of Taiwan Cherry\'s leaf is not opposite', NULL, 327),
	(788, 'The venation of Taiwan Cherry\'s leaf is not parallel', NULL, 327),
	(789, 'None of the above statement is true', NULL, 328),
	(790, 'Steam is vegetative organ', NULL, 329),
	(791, 'Steam can transport water', NULL, 329),
	(792, 'Steam is not  vegetative organ', NULL, 330),
	(793, 'Steam can not transport water', NULL, 330),
	(794, 'Steam can absorb water', NULL, 331),
	(795, 'Steam can evaporate water', NULL, 331),
	(796, 'Steam can not absorb water', NULL, 332),
	(797, 'Steam can not evaporate water', NULL, 332),
	(798, 'Steam is vegetative organ', NULL, 333),
	(799, 'Steam can transport water', NULL, 333),
	(800, 'Steam is not  vegetative organ', NULL, 334),
	(801, 'Steam can not transport water', NULL, 334),
	(802, 'Steam can absorb water', NULL, 335),
	(803, 'Steam can evaporate water', NULL, 335),
	(804, 'Steam can not absorb water', NULL, 336),
	(805, 'Steam can not evaporate water', NULL, 336),
	(806, 'None of the above statement is true', NULL, 337),
	(807, 'Steam is vegetative organ', NULL, 338),
	(808, 'Steam can transport water', NULL, 338),
	(809, 'Steam can absorb water', NULL, 339),
	(810, 'Steam can evaporate water', NULL, 339),
	(811, 'Steam is vegetative organ', NULL, 340),
	(812, 'Steam can transport water', NULL, 340),
	(813, 'Steam can absorb water', NULL, 341),
	(814, 'Steam can evaporate water', NULL, 341),
	(815, 'None of the above statement is true', NULL, 342),
	(816, 'The shape of Taiwan Cherry\'s is aristate', NULL, 343),
	(817, 'The venation of Taiwan Cherry\'s is palmate', NULL, 343),
	(818, 'The margin of Taiwan Cherry\'s is serrate', NULL, 343),
	(819, 'The arrangement of Taiwan Cherry\'s is alternate', NULL, 343),
	(820, 'The shape of Taiwan Cherry\'s Leaf is obtuse', NULL, 344),
	(821, 'The margin of Taiwan Cherry\'s Leaf is entire', NULL, 344),
	(822, 'The arrangement of Taiwan Cherry\'s Leaf is opposite', NULL, 344),
	(823, 'The venation of Taiwan Cherry\'s Leaf is parallel', NULL, 344),
	(824, 'The shape of Taiwan Cherry\'s is aristate', NULL, 345),
	(825, 'The venation of Taiwan Cherry\'s is palmate', NULL, 345),
	(826, 'The margin of Taiwan Cherry\'s is serrate', NULL, 345),
	(827, 'The arrangement of Taiwan Cherry\'s is alternate', NULL, 345),
	(828, 'The shape of Taiwan Cherry\'s Leaf is obtuse', NULL, 346),
	(829, 'The margin of Taiwan Cherry\'s Leaf is entire', NULL, 346),
	(830, 'The arrangement of Taiwan Cherry\'s Leaf is opposite', NULL, 346),
	(831, 'The venation of Taiwan Cherry\'s Leaf is parallel', NULL, 346),
	(832, 'None of the above statement is true', NULL, 347),
	(833, 'Steam has Sprout', NULL, 348),
	(834, 'Steam does not have Sprout', NULL, 349),
	(835, 'Steam has Shape', NULL, 350),
	(836, 'Steam has Margin', NULL, 350),
	(837, 'Steam does not have Shape', NULL, 351),
	(838, 'Steam does not have Margin', NULL, 351),
	(839, 'Steam has Sprout', NULL, 352),
	(840, 'Steam does not have Sprout', NULL, 353),
	(841, 'Steam has Shape', NULL, 354),
	(842, 'Steam has Margin', NULL, 354),
	(843, 'Steam does not have Shape', NULL, 355),
	(844, 'Steam does not have Margin', NULL, 355),
	(845, 'Plant has Root', NULL, 356),
	(846, 'Plant has Steam', NULL, 356),
	(847, 'Plant has Leaf', NULL, 356),
	(848, 'Plant', NULL, 357),
	(849, 'Plant', NULL, 357),
	(850, 'Plant', NULL, 357),
	(851, 'Plant', NULL, 357),
	(852, 'Plant', NULL, 357),
	(853, 'Plant', NULL, 357),
	(854, 'Plant', NULL, 358),
	(855, 'Plant', NULL, 358),
	(856, 'Plant', NULL, 358),
	(857, 'Plant', NULL, 358),
	(858, 'Plant', NULL, 358),
	(859, 'Plant', NULL, 358),
	(860, 'Plant', NULL, 359),
	(861, 'Plant', NULL, 359),
	(862, 'Plant', NULL, 359),
	(863, 'Plant', NULL, 359),
	(864, 'Plant', NULL, 359),
	(865, 'Plant', NULL, 359),
	(866, 'Plant', NULL, 360),
	(867, 'Plant', NULL, 360),
	(868, 'Plant', NULL, 360),
	(869, 'Plant', NULL, 360),
	(870, 'Plant', NULL, 360),
	(871, 'Plant', NULL, 360),
	(872, 'Plant', NULL, 361),
	(873, 'Plant', NULL, 361),
	(874, 'Plant', NULL, 361),
	(875, 'Plant', NULL, 361),
	(876, 'Plant', NULL, 361),
	(877, 'Plant', NULL, 361),
	(878, 'Plant', NULL, 362),
	(879, 'Plant', NULL, 362),
	(880, 'Plant', NULL, 362),
	(881, 'Plant', NULL, 362),
	(882, 'Plant', NULL, 362),
	(883, 'Plant', NULL, 362),
	(884, 'Plant', NULL, 363),
	(885, 'Plant', NULL, 363),
	(886, 'Plant', NULL, 363),
	(887, 'Plant', NULL, 363),
	(888, 'Plant', NULL, 363),
	(889, 'Plant', NULL, 363),
	(890, 'Plant', NULL, 364),
	(891, 'Plant', NULL, 364),
	(892, 'Plant', NULL, 364),
	(893, 'Plant', NULL, 364),
	(894, 'Plant', NULL, 364),
	(895, 'Plant', NULL, 364),
	(896, 'None of the above statement is true', NULL, 365),
	(897, 'Plant', NULL, 366),
	(898, 'Plant', NULL, 366),
	(899, 'Plant', NULL, 366),
	(900, 'Plant', NULL, 366),
	(901, 'Plant', NULL, 366),
	(902, 'Plant', NULL, 366),
	(903, 'Plant', NULL, 367),
	(904, 'Plant', NULL, 367),
	(905, 'Plant', NULL, 367),
	(906, 'Plant', NULL, 367),
	(907, 'Plant', NULL, 367),
	(908, 'Plant', NULL, 367),
	(909, 'Plant', NULL, 368),
	(910, 'Plant', NULL, 368),
	(911, 'Plant', NULL, 368),
	(912, 'Plant', NULL, 368),
	(913, 'Plant', NULL, 368),
	(914, 'Plant', NULL, 368),
	(915, 'Plant', NULL, 369),
	(916, 'Plant', NULL, 369),
	(917, 'Plant', NULL, 369),
	(918, 'Plant', NULL, 369),
	(919, 'Plant', NULL, 369),
	(920, 'Plant', NULL, 369),
	(921, 'Plant', NULL, 370),
	(922, 'Plant', NULL, 370),
	(923, 'Plant', NULL, 370),
	(924, 'Plant', NULL, 370),
	(925, 'Plant', NULL, 370),
	(926, 'Plant', NULL, 370),
	(927, 'Plant', NULL, 371),
	(928, 'Plant', NULL, 371),
	(929, 'Plant', NULL, 371),
	(930, 'Plant', NULL, 371),
	(931, 'Plant', NULL, 371),
	(932, 'Plant', NULL, 371),
	(933, 'Plant', NULL, 372),
	(934, 'Plant', NULL, 372),
	(935, 'Plant', NULL, 372),
	(936, 'Plant', NULL, 372),
	(937, 'Plant', NULL, 372),
	(938, 'Plant', NULL, 372),
	(939, 'Plant', NULL, 373),
	(940, 'Plant', NULL, 373),
	(941, 'Plant', NULL, 373),
	(942, 'Plant', NULL, 373),
	(943, 'Plant', NULL, 373),
	(944, 'Plant', NULL, 373),
	(945, 'None of the above statement is true', NULL, 374),
	(946, 'Root is vegetative organ', NULL, 375),
	(947, 'Root can water', NULL, 375),
	(948, 'Steam is vegetative organ', NULL, 375),
	(949, 'Steam can water', NULL, 375),
	(950, 'Leaf is vegetative organ', NULL, 375),
	(951, 'Leaf can water', NULL, 375),
	(952, 'Root is vegetative organ', NULL, 375),
	(953, 'Root can water', NULL, 375),
	(954, 'Steam is vegetative organ', NULL, 375),
	(955, 'Steam can water', NULL, 375),
	(956, 'Leaf is vegetative organ', NULL, 375),
	(957, 'Leaf can water', NULL, 375),
	(958, 'Root is vegetative organ', NULL, 375),
	(959, 'Root can water', NULL, 375),
	(960, 'Steam is vegetative organ', NULL, 375),
	(961, 'Steam can water', NULL, 375),
	(962, 'Leaf is vegetative organ', NULL, 375),
	(963, 'Leaf can water', NULL, 375),
	(964, 'Root is vegetative organ', NULL, 375),
	(965, 'Root can water', NULL, 375),
	(966, 'Steam is vegetative organ', NULL, 375),
	(967, 'Steam can water', NULL, 375),
	(968, 'Leaf is vegetative organ', NULL, 375),
	(969, 'Leaf can water', NULL, 375),
	(970, 'Root is vegetative organ', NULL, 375),
	(971, 'Root can water', NULL, 375),
	(972, 'Steam is vegetative organ', NULL, 375),
	(973, 'Steam can water', NULL, 375),
	(974, 'Leaf is vegetative organ', NULL, 375),
	(975, 'Leaf can water', NULL, 375),
	(976, 'Root is vegetative organ', NULL, 375),
	(977, 'Root can water', NULL, 375),
	(978, 'Steam is vegetative organ', NULL, 375),
	(979, 'Steam can water', NULL, 375),
	(980, 'Leaf is vegetative organ', NULL, 375),
	(981, 'Leaf can water', NULL, 375),
	(982, 'Plant', NULL, 376),
	(983, 'Plant', NULL, 376),
	(984, 'Plant', NULL, 376),
	(985, 'Plant', NULL, 376),
	(986, 'Plant', NULL, 376),
	(987, 'Plant', NULL, 376),
	(988, 'Plant', NULL, 377),
	(989, 'Plant', NULL, 377),
	(990, 'Plant', NULL, 377),
	(991, 'Plant', NULL, 377),
	(992, 'Plant', NULL, 377),
	(993, 'Plant', NULL, 377),
	(994, 'Plant', NULL, 378),
	(995, 'Plant', NULL, 378),
	(996, 'Plant', NULL, 378),
	(997, 'Plant', NULL, 378),
	(998, 'Plant', NULL, 378),
	(999, 'Plant', NULL, 378),
	(1000, 'Root is vegetative organ', NULL, 379),
	(1001, 'Root can water', NULL, 379),
	(1002, 'Steam is vegetative organ', NULL, 379),
	(1003, 'Steam can water', NULL, 379),
	(1004, 'Leaf is vegetative organ', NULL, 379),
	(1005, 'Leaf can water', NULL, 379),
	(1006, 'Root is vegetative organ', NULL, 379),
	(1007, 'Root can water', NULL, 379),
	(1008, 'Steam is vegetative organ', NULL, 379),
	(1009, 'Steam can water', NULL, 379),
	(1010, 'Leaf is vegetative organ', NULL, 379),
	(1011, 'Leaf can water', NULL, 379),
	(1012, 'Root is vegetative organ', NULL, 379),
	(1013, 'Root can water', NULL, 379),
	(1014, 'Steam is vegetative organ', NULL, 379),
	(1015, 'Steam can water', NULL, 379),
	(1016, 'Leaf is vegetative organ', NULL, 379),
	(1017, 'Leaf can water', NULL, 379),
	(1018, 'Root is vegetative organ', NULL, 379),
	(1019, 'Root can water', NULL, 379),
	(1020, 'Steam is vegetative organ', NULL, 379),
	(1021, 'Steam can water', NULL, 379),
	(1022, 'Leaf is vegetative organ', NULL, 379),
	(1023, 'Leaf can water', NULL, 379),
	(1024, 'Root is vegetative organ', NULL, 379),
	(1025, 'Root can water', NULL, 379),
	(1026, 'Steam is vegetative organ', NULL, 379),
	(1027, 'Steam can water', NULL, 379),
	(1028, 'Leaf is vegetative organ', NULL, 379),
	(1029, 'Leaf can water', NULL, 379),
	(1030, 'Root is vegetative organ', NULL, 379),
	(1031, 'Root can water', NULL, 379),
	(1032, 'Steam is vegetative organ', NULL, 379),
	(1033, 'Steam can water', NULL, 379),
	(1034, 'Leaf is vegetative organ', NULL, 379),
	(1035, 'Leaf can water', NULL, 379),
	(1036, 'Plant', NULL, 380),
	(1037, 'Plant', NULL, 380),
	(1038, 'Plant', NULL, 380),
	(1039, 'Plant', NULL, 380),
	(1040, 'Plant', NULL, 380),
	(1041, 'Plant', NULL, 380),
	(1042, 'Plant', NULL, 381),
	(1043, 'Plant', NULL, 381),
	(1044, 'Plant', NULL, 381),
	(1045, 'Plant', NULL, 381),
	(1046, 'Plant', NULL, 381),
	(1047, 'Plant', NULL, 381),
	(1048, 'Plant', NULL, 382),
	(1049, 'Plant', NULL, 382),
	(1050, 'Plant', NULL, 382),
	(1051, 'Plant', NULL, 382),
	(1052, 'Plant', NULL, 382),
	(1053, 'Plant', NULL, 382),
	(1054, 'None of the above statement is true', NULL, 383),
	(1055, 'Root is vegetative organ', NULL, 384),
	(1056, 'Root can water', NULL, 384),
	(1057, 'Steam is vegetative organ', NULL, 384),
	(1058, 'Steam can water', NULL, 384),
	(1059, 'Leaf is vegetative organ', NULL, 384),
	(1060, 'Leaf can water', NULL, 384),
	(1061, 'Root is vegetative organ', NULL, 384),
	(1062, 'Root can water', NULL, 384),
	(1063, 'Steam is vegetative organ', NULL, 384),
	(1064, 'Steam can water', NULL, 384),
	(1065, 'Leaf is vegetative organ', NULL, 384),
	(1066, 'Leaf can water', NULL, 384),
	(1067, 'Root is vegetative organ', NULL, 384),
	(1068, 'Root can water', NULL, 384),
	(1069, 'Steam is vegetative organ', NULL, 384),
	(1070, 'Steam can water', NULL, 384),
	(1071, 'Leaf is vegetative organ', NULL, 384),
	(1072, 'Leaf can water', NULL, 384),
	(1073, 'Root is vegetative organ', NULL, 384),
	(1074, 'Root can water', NULL, 384),
	(1075, 'Steam is vegetative organ', NULL, 384),
	(1076, 'Steam can water', NULL, 384),
	(1077, 'Leaf is vegetative organ', NULL, 384),
	(1078, 'Leaf can water', NULL, 384),
	(1079, 'Root is vegetative organ', NULL, 384),
	(1080, 'Root can water', NULL, 384),
	(1081, 'Steam is vegetative organ', NULL, 384),
	(1082, 'Steam can water', NULL, 384),
	(1083, 'Leaf is vegetative organ', NULL, 384),
	(1084, 'Leaf can water', NULL, 384),
	(1085, 'Root is vegetative organ', NULL, 384),
	(1086, 'Root can water', NULL, 384),
	(1087, 'Steam is vegetative organ', NULL, 384),
	(1088, 'Steam can water', NULL, 384),
	(1089, 'Leaf is vegetative organ', NULL, 384),
	(1090, 'Leaf can water', NULL, 384),
	(1091, 'Plant', NULL, 385),
	(1092, 'Plant', NULL, 385),
	(1093, 'Plant', NULL, 385),
	(1094, 'Plant', NULL, 385),
	(1095, 'Plant', NULL, 385),
	(1096, 'Plant', NULL, 385),
	(1097, 'Plant', NULL, 386),
	(1098, 'Plant', NULL, 386),
	(1099, 'Plant', NULL, 386),
	(1100, 'Plant', NULL, 386),
	(1101, 'Plant', NULL, 386),
	(1102, 'Plant', NULL, 386),
	(1103, 'Plant', NULL, 387),
	(1104, 'Plant', NULL, 387),
	(1105, 'Plant', NULL, 387),
	(1106, 'Plant', NULL, 387),
	(1107, 'Plant', NULL, 387),
	(1108, 'Plant', NULL, 387),
	(1109, 'Root is vegetative organ', NULL, 388),
	(1110, 'Root can water', NULL, 388),
	(1111, 'Steam is vegetative organ', NULL, 388),
	(1112, 'Steam can water', NULL, 388),
	(1113, 'Leaf is vegetative organ', NULL, 388),
	(1114, 'Leaf can water', NULL, 388),
	(1115, 'Root is vegetative organ', NULL, 388),
	(1116, 'Root can water', NULL, 388),
	(1117, 'Steam is vegetative organ', NULL, 388),
	(1118, 'Steam can water', NULL, 388),
	(1119, 'Leaf is vegetative organ', NULL, 388),
	(1120, 'Leaf can water', NULL, 388),
	(1121, 'Root is vegetative organ', NULL, 388),
	(1122, 'Root can water', NULL, 388),
	(1123, 'Steam is vegetative organ', NULL, 388),
	(1124, 'Steam can water', NULL, 388),
	(1125, 'Leaf is vegetative organ', NULL, 388),
	(1126, 'Leaf can water', NULL, 388),
	(1127, 'Root is vegetative organ', NULL, 388),
	(1128, 'Root can water', NULL, 388),
	(1129, 'Steam is vegetative organ', NULL, 388),
	(1130, 'Steam can water', NULL, 388),
	(1131, 'Leaf is vegetative organ', NULL, 388),
	(1132, 'Leaf can water', NULL, 388),
	(1133, 'Root is vegetative organ', NULL, 388),
	(1134, 'Root can water', NULL, 388),
	(1135, 'Steam is vegetative organ', NULL, 388),
	(1136, 'Steam can water', NULL, 388),
	(1137, 'Leaf is vegetative organ', NULL, 388),
	(1138, 'Leaf can water', NULL, 388),
	(1139, 'Root is vegetative organ', NULL, 388),
	(1140, 'Root can water', NULL, 388),
	(1141, 'Steam is vegetative organ', NULL, 388),
	(1142, 'Steam can water', NULL, 388),
	(1143, 'Leaf is vegetative organ', NULL, 388),
	(1144, 'Leaf can water', NULL, 388),
	(1145, 'Plant', NULL, 389),
	(1146, 'Plant', NULL, 389),
	(1147, 'Plant', NULL, 389),
	(1148, 'Plant', NULL, 389),
	(1149, 'Plant', NULL, 389),
	(1150, 'Plant', NULL, 389),
	(1151, 'Plant', NULL, 390),
	(1152, 'Plant', NULL, 390),
	(1153, 'Plant', NULL, 390),
	(1154, 'Plant', NULL, 390),
	(1155, 'Plant', NULL, 390),
	(1156, 'Plant', NULL, 390),
	(1157, 'Plant', NULL, 391),
	(1158, 'Plant', NULL, 391),
	(1159, 'Plant', NULL, 391),
	(1160, 'Plant', NULL, 391),
	(1161, 'Plant', NULL, 391),
	(1162, 'Plant', NULL, 391),
	(1163, 'None of the above statement is true', NULL, 392),
	(1164, 'Root is vegetative organ', NULL, 393),
	(1165, 'Root can water', NULL, 393),
	(1166, 'Steam is vegetative organ', NULL, 393),
	(1167, 'Steam can water', NULL, 393),
	(1168, 'Leaf is vegetative organ', NULL, 393),
	(1169, 'Leaf can water', NULL, 393),
	(1170, 'Root is vegetative organ', NULL, 393),
	(1171, 'Root can water', NULL, 393),
	(1172, 'Steam is vegetative organ', NULL, 393),
	(1173, 'Steam can water', NULL, 393),
	(1174, 'Leaf is vegetative organ', NULL, 393),
	(1175, 'Leaf can water', NULL, 393),
	(1176, 'Root is vegetative organ', NULL, 393),
	(1177, 'Root can water', NULL, 393),
	(1178, 'Steam is vegetative organ', NULL, 393),
	(1179, 'Steam can water', NULL, 393),
	(1180, 'Leaf is vegetative organ', NULL, 393),
	(1181, 'Leaf can water', NULL, 393),
	(1182, 'Root is vegetative organ', NULL, 393),
	(1183, 'Root can water', NULL, 393),
	(1184, 'Steam is vegetative organ', NULL, 393),
	(1185, 'Steam can water', NULL, 393),
	(1186, 'Leaf is vegetative organ', NULL, 393),
	(1187, 'Leaf can water', NULL, 393),
	(1188, 'Root is vegetative organ', NULL, 393),
	(1189, 'Root can water', NULL, 393),
	(1190, 'Steam is vegetative organ', NULL, 393),
	(1191, 'Steam can water', NULL, 393),
	(1192, 'Leaf is vegetative organ', NULL, 393),
	(1193, 'Leaf can water', NULL, 393),
	(1194, 'Root is vegetative organ', NULL, 393),
	(1195, 'Root can water', NULL, 393),
	(1196, 'Steam is vegetative organ', NULL, 393),
	(1197, 'Steam can water', NULL, 393),
	(1198, 'Leaf is vegetative organ', NULL, 393),
	(1199, 'Leaf can water', NULL, 393),
	(1200, 'Plant', NULL, 394),
	(1201, 'Plant', NULL, 394),
	(1202, 'Plant', NULL, 394),
	(1203, 'Plant', NULL, 394),
	(1204, 'Plant', NULL, 394),
	(1205, 'Plant', NULL, 394),
	(1206, 'Plant', NULL, 395),
	(1207, 'Plant', NULL, 395),
	(1208, 'Plant', NULL, 395),
	(1209, 'Plant', NULL, 395),
	(1210, 'Plant', NULL, 395),
	(1211, 'Plant', NULL, 395),
	(1212, 'Plant', NULL, 396),
	(1213, 'Plant', NULL, 396),
	(1214, 'Plant', NULL, 396),
	(1215, 'Plant', NULL, 396),
	(1216, 'Plant', NULL, 396),
	(1217, 'Plant', NULL, 396),
	(1218, 'Root is vegetative organ', NULL, 397),
	(1219, 'Root can water', NULL, 397),
	(1220, 'Steam is vegetative organ', NULL, 397),
	(1221, 'Steam can water', NULL, 397),
	(1222, 'Leaf is vegetative organ', NULL, 397),
	(1223, 'Leaf can water', NULL, 397),
	(1224, 'Root is vegetative organ', NULL, 397),
	(1225, 'Root can water', NULL, 397),
	(1226, 'Steam is vegetative organ', NULL, 397),
	(1227, 'Steam can water', NULL, 397),
	(1228, 'Leaf is vegetative organ', NULL, 397),
	(1229, 'Leaf can water', NULL, 397),
	(1230, 'Root is vegetative organ', NULL, 397),
	(1231, 'Root can water', NULL, 397),
	(1232, 'Steam is vegetative organ', NULL, 397),
	(1233, 'Steam can water', NULL, 397),
	(1234, 'Leaf is vegetative organ', NULL, 397),
	(1235, 'Leaf can water', NULL, 397),
	(1236, 'Root is vegetative organ', NULL, 397),
	(1237, 'Root can water', NULL, 397),
	(1238, 'Steam is vegetative organ', NULL, 397),
	(1239, 'Steam can water', NULL, 397),
	(1240, 'Leaf is vegetative organ', NULL, 397),
	(1241, 'Leaf can water', NULL, 397),
	(1242, 'Root is vegetative organ', NULL, 397),
	(1243, 'Root can water', NULL, 397),
	(1244, 'Steam is vegetative organ', NULL, 397),
	(1245, 'Steam can water', NULL, 397),
	(1246, 'Leaf is vegetative organ', NULL, 397),
	(1247, 'Leaf can water', NULL, 397),
	(1248, 'Root is vegetative organ', NULL, 397),
	(1249, 'Root can water', NULL, 397),
	(1250, 'Steam is vegetative organ', NULL, 397),
	(1251, 'Steam can water', NULL, 397),
	(1252, 'Leaf is vegetative organ', NULL, 397),
	(1253, 'Leaf can water', NULL, 397),
	(1254, 'Plant', NULL, 398),
	(1255, 'Plant', NULL, 398),
	(1256, 'Plant', NULL, 398),
	(1257, 'Plant', NULL, 398),
	(1258, 'Plant', NULL, 398),
	(1259, 'Plant', NULL, 398),
	(1260, 'Plant', NULL, 399),
	(1261, 'Plant', NULL, 399),
	(1262, 'Plant', NULL, 399),
	(1263, 'Plant', NULL, 399),
	(1264, 'Plant', NULL, 399),
	(1265, 'Plant', NULL, 399),
	(1266, 'Plant', NULL, 400),
	(1267, 'Plant', NULL, 400),
	(1268, 'Plant', NULL, 400),
	(1269, 'Plant', NULL, 400),
	(1270, 'Plant', NULL, 400),
	(1271, 'Plant', NULL, 400),
	(1272, 'None of the above statement is true', NULL, 401),
	(1273, 'Plant is vegetative organ', NULL, 402),
	(1274, 'Plant is not vegetative organ', NULL, 402),
	(1275, 'Plant absorb water', NULL, 402),
	(1276, 'Plant absorb not water', NULL, 402),
	(1277, 'Plant is vegetative organ', NULL, 402),
	(1278, 'Plant is not vegetative organ', NULL, 402),
	(1279, 'Plant transport water', NULL, 402),
	(1280, 'Plant transport not water', NULL, 402),
	(1281, 'Plant is vegetative organ', NULL, 402),
	(1282, 'Plant is not vegetative organ', NULL, 402),
	(1283, 'Plant evaporate water', NULL, 402),
	(1284, 'Plant evaporate not water', NULL, 402),
	(1285, 'Root is vegetative organ', NULL, 403),
	(1286, 'Root is not vegetative organ', NULL, 403),
	(1287, 'Root is vegetative organ', NULL, 403),
	(1288, 'Root is not vegetative organ', NULL, 403),
	(1289, 'Root absorb water', NULL, 403),
	(1290, 'Root absorb not water', NULL, 403),
	(1291, 'Root absorb water', NULL, 403),
	(1292, 'Root absorb not water', NULL, 403),
	(1293, 'Steam is vegetative organ', NULL, 403),
	(1294, 'Steam is not vegetative organ', NULL, 403),
	(1295, 'Steam is vegetative organ', NULL, 403),
	(1296, 'Steam is not vegetative organ', NULL, 403),
	(1297, 'Steam transport water', NULL, 403),
	(1298, 'Steam transport not water', NULL, 403),
	(1299, 'Steam transport water', NULL, 403),
	(1300, 'Steam transport not water', NULL, 403),
	(1301, 'Leaf is vegetative organ', NULL, 403),
	(1302, 'Leaf is not vegetative organ', NULL, 403),
	(1303, 'Leaf is vegetative organ', NULL, 403),
	(1304, 'Leaf is not vegetative organ', NULL, 403),
	(1305, 'Leaf evaporate water', NULL, 403),
	(1306, 'Leaf evaporate not water', NULL, 403),
	(1307, 'Leaf evaporate water', NULL, 403),
	(1308, 'Leaf evaporate not water', NULL, 403),
	(1309, 'Root is vegetative organ', NULL, 404),
	(1310, 'Root absorb water', NULL, 404),
	(1311, 'Steam is vegetative organ', NULL, 404),
	(1312, 'Steam transport water', NULL, 404),
	(1313, 'Leaf is vegetative organ', NULL, 404),
	(1314, 'Leaf evaporate water', NULL, 404),
	(1315, 'Root is vegetative organ', NULL, 405),
	(1316, 'Root can absorbwater', NULL, 405),
	(1317, 'Steam is vegetative organ', NULL, 405),
	(1318, 'Steam can transportwater', NULL, 405),
	(1319, 'Leaf is vegetative organ', NULL, 405),
	(1320, 'Leaf can evaporatewater', NULL, 405),
	(1321, 'Root is vegetative organ', NULL, 406),
	(1322, 'Root can absorb water', NULL, 406),
	(1323, 'Steam is vegetative organ', NULL, 406),
	(1324, 'Steam can transport water', NULL, 406),
	(1325, 'Leaf is vegetative organ', NULL, 406),
	(1326, 'Leaf can evaporate water', NULL, 406),
	(1327, 'Root is not vegetative organ', NULL, 407),
	(1328, 'Root can absorb not water', NULL, 407),
	(1329, 'Steam is not vegetative organ', NULL, 407),
	(1330, 'Steam can transport not water', NULL, 407),
	(1331, 'Leaf is not vegetative organ', NULL, 407),
	(1332, 'Leaf can evaporate not water', NULL, 407),
	(1333, 'Root is vegetative organ', NULL, 408),
	(1334, 'Root absorb water', NULL, 408),
	(1335, 'Steam is vegetative organ', NULL, 408),
	(1336, 'Steam transport water', NULL, 408),
	(1337, 'Leaf is vegetative organ', NULL, 408),
	(1338, 'Leaf evaporate water', NULL, 408),
	(1339, 'Root is vegetative organ', NULL, 409),
	(1340, 'Root is vegetative organ', NULL, 409),
	(1341, 'Root can absorb water', NULL, 409),
	(1342, 'Root can absorb water', NULL, 409),
	(1343, 'Steam is vegetative organ', NULL, 409),
	(1344, 'Steam is vegetative organ', NULL, 409),
	(1345, 'Steam can transport water', NULL, 409),
	(1346, 'Steam can transport water', NULL, 409),
	(1347, 'Leaf is vegetative organ', NULL, 409),
	(1348, 'Leaf is vegetative organ', NULL, 409),
	(1349, 'Leaf can evaporate water', NULL, 409),
	(1350, 'Leaf can evaporate water', NULL, 409),
	(1351, 'Root is notvegetative organ', NULL, 410),
	(1352, 'Root can not absorb water', NULL, 410),
	(1353, 'Steam is notvegetative organ', NULL, 410),
	(1354, 'Steam can not transport water', NULL, 410),
	(1355, 'Leaf is notvegetative organ', NULL, 410),
	(1356, 'Leaf can not evaporate water', NULL, 410),
	(1357, 'Root is vegetative organ', NULL, 411),
	(1358, 'Root can absorb water', NULL, 411),
	(1359, 'Steam is vegetative organ', NULL, 411),
	(1360, 'Steam can transport water', NULL, 411),
	(1361, 'Leaf is vegetative organ', NULL, 411),
	(1362, 'Leaf can evaporate water', NULL, 411),
	(1363, 'Root is vegetative organ', NULL, 412),
	(1364, 'Root is vegetative organ', NULL, 412),
	(1365, 'Root can transport water', NULL, 412),
	(1366, 'Root can evaporate water', NULL, 412),
	(1367, 'Steam is vegetative organ', NULL, 412),
	(1368, 'Steam is vegetative organ', NULL, 412),
	(1369, 'Steam can absorb water', NULL, 412),
	(1370, 'Steam can evaporate water', NULL, 412),
	(1371, 'Leaf is vegetative organ', NULL, 412),
	(1372, 'Leaf is vegetative organ', NULL, 412),
	(1373, 'Leaf can absorb water', NULL, 412),
	(1374, 'Leaf can transport water', NULL, 412),
	(1375, 'Root is vegetative organ', NULL, 413),
	(1376, 'Root is vegetative organ', NULL, 413),
	(1377, 'Root can transport water', NULL, 413),
	(1378, 'Root can evaporate water', NULL, 413),
	(1379, 'Steam is vegetative organ', NULL, 413),
	(1380, 'Steam is vegetative organ', NULL, 413),
	(1381, 'Steam can absorb water', NULL, 413),
	(1382, 'Steam can evaporate water', NULL, 413),
	(1383, 'Leaf is vegetative organ', NULL, 413),
	(1384, 'Leaf is vegetative organ', NULL, 413),
	(1385, 'Leaf can absorb water', NULL, 413),
	(1386, 'Leaf can transport water', NULL, 413),
	(1387, 'Root is vegetative organ', NULL, 414),
	(1388, 'Root can transport water', NULL, 414),
	(1389, 'Root can evaporate water', NULL, 414),
	(1390, 'Steam is vegetative organ', NULL, 414),
	(1391, 'Steam can absorb water', NULL, 414),
	(1392, 'Steam can evaporate water', NULL, 414),
	(1393, 'Leaf is vegetative organ', NULL, 414),
	(1394, 'Leaf can absorb water', NULL, 414),
	(1395, 'Leaf can transport water', NULL, 414),
	(1396, 'Root is vegetative organ', NULL, 415),
	(1397, 'Root is not vegetative organ', NULL, 415),
	(1398, 'Root can absorb water', NULL, 415),
	(1399, 'Root can absorb not water', NULL, 415),
	(1400, 'Root can transport water', NULL, 415),
	(1401, 'Root can evaporate water', NULL, 415),
	(1402, 'Steam is vegetative organ', NULL, 415),
	(1403, 'Steam is not vegetative organ', NULL, 415),
	(1404, 'Steam can transport water', NULL, 415),
	(1405, 'Steam can transport not water', NULL, 415),
	(1406, 'Steam can absorb water', NULL, 415),
	(1407, 'Steam can evaporate water', NULL, 415),
	(1408, 'Leaf is vegetative organ', NULL, 415),
	(1409, 'Leaf is not vegetative organ', NULL, 415),
	(1410, 'Leaf can evaporate water', NULL, 415),
	(1411, 'Leaf can evaporate not water', NULL, 415),
	(1412, 'Leaf can absorb water', NULL, 415),
	(1413, 'Leaf can transport water', NULL, 415),
	(1414, 'Root is vegetative organ', NULL, 416),
	(1415, 'Root is not vegetative organ', NULL, 416),
	(1416, 'Root can absorb water', NULL, 416),
	(1417, 'Root can absorb not water', NULL, 416),
	(1418, 'Root can transport water', NULL, 416),
	(1419, 'Root can evaporate water', NULL, 416),
	(1420, 'Root absorb not water', NULL, 416),
	(1421, 'Steam is vegetative organ', NULL, 416),
	(1422, 'Steam is not vegetative organ', NULL, 416),
	(1423, 'Steam can transport water', NULL, 416),
	(1424, 'Steam can transport not water', NULL, 416),
	(1425, 'Steam can absorb water', NULL, 416),
	(1426, 'Steam can evaporate water', NULL, 416),
	(1427, 'Steam transport not water', NULL, 416),
	(1428, 'Leaf is vegetative organ', NULL, 416),
	(1429, 'Leaf is not vegetative organ', NULL, 416),
	(1430, 'Leaf can evaporate water', NULL, 416),
	(1431, 'Leaf can evaporate not water', NULL, 416),
	(1432, 'Leaf can absorb water', NULL, 416),
	(1433, 'Leaf can transport water', NULL, 416),
	(1434, 'Leaf evaporate not water', NULL, 416),
	(1435, 'Root is vegetative organ', NULL, 417),
	(1436, 'Root is not vegetative organ', NULL, 417),
	(1437, 'Root can absorb water', NULL, 417),
	(1438, 'Root can absorb not water', NULL, 417),
	(1439, 'Root can transport water', NULL, 417),
	(1440, 'Root can evaporate water', NULL, 417),
	(1441, 'Root can transport not water', NULL, 417),
	(1442, 'Root can evaporate not water', NULL, 417),
	(1443, 'Steam is vegetative organ', NULL, 417),
	(1444, 'Steam is not vegetative organ', NULL, 417),
	(1445, 'Steam can transport water', NULL, 417),
	(1446, 'Steam can transport not water', NULL, 417),
	(1447, 'Steam can absorb water', NULL, 417),
	(1448, 'Steam can evaporate water', NULL, 417),
	(1449, 'Steam can absorb not water', NULL, 417),
	(1450, 'Steam can evaporate not water', NULL, 417),
	(1451, 'Leaf is vegetative organ', NULL, 417),
	(1452, 'Leaf is not vegetative organ', NULL, 417),
	(1453, 'Leaf can evaporate water', NULL, 417),
	(1454, 'Leaf can evaporate not water', NULL, 417),
	(1455, 'Leaf can absorb water', NULL, 417),
	(1456, 'Leaf can transport water', NULL, 417),
	(1457, 'Leaf can absorb not water', NULL, 417),
	(1458, 'Leaf can transport not water', NULL, 417),
	(1459, 'Root is vegetative organ', NULL, 418),
	(1460, 'Root is not vegetative organ', NULL, 418),
	(1461, 'Root can absorb water', NULL, 418),
	(1462, 'Root can absorb not water', NULL, 418),
	(1463, 'Root can transport water', NULL, 418),
	(1464, 'Root can evaporate water', NULL, 418),
	(1465, 'Root can not transport  water', NULL, 418),
	(1466, 'Root can not evaporate  water', NULL, 418),
	(1467, 'Steam is vegetative organ', NULL, 418),
	(1468, 'Steam is not vegetative organ', NULL, 418),
	(1469, 'Steam can transport water', NULL, 418),
	(1470, 'Steam can transport not water', NULL, 418),
	(1471, 'Steam can absorb water', NULL, 418),
	(1472, 'Steam can evaporate water', NULL, 418),
	(1473, 'Steam can not absorb  water', NULL, 418),
	(1474, 'Steam can not evaporate  water', NULL, 418),
	(1475, 'Leaf is vegetative organ', NULL, 418),
	(1476, 'Leaf is not vegetative organ', NULL, 418),
	(1477, 'Leaf can evaporate water', NULL, 418),
	(1478, 'Leaf can evaporate not water', NULL, 418),
	(1479, 'Leaf can absorb water', NULL, 418),
	(1480, 'Leaf can transport water', NULL, 418),
	(1481, 'Leaf can not absorb  water', NULL, 418),
	(1482, 'Leaf can not transport  water', NULL, 418),
	(1483, 'Root is vegetative organ', NULL, 419),
	(1484, 'Root is not vegetative organ', NULL, 419),
	(1485, 'Root can absorb water', NULL, 419),
	(1486, 'Root can not absorb  water', NULL, 419),
	(1487, 'Root can transport water', NULL, 419),
	(1488, 'Root can evaporate water', NULL, 419),
	(1489, 'Root can not transport  water', NULL, 419),
	(1490, 'Root can not evaporate  water', NULL, 419),
	(1491, 'Steam is vegetative organ', NULL, 419),
	(1492, 'Steam is not vegetative organ', NULL, 419),
	(1493, 'Steam can transport water', NULL, 419),
	(1494, 'Steam can not transport  water', NULL, 419),
	(1495, 'Steam can absorb water', NULL, 419),
	(1496, 'Steam can evaporate water', NULL, 419),
	(1497, 'Steam can not absorb  water', NULL, 419),
	(1498, 'Steam can not evaporate  water', NULL, 419),
	(1499, 'Leaf is vegetative organ', NULL, 419),
	(1500, 'Leaf is not vegetative organ', NULL, 419),
	(1501, 'Leaf can evaporate water', NULL, 419),
	(1502, 'Leaf can not evaporate  water', NULL, 419),
	(1503, 'Leaf can absorb water', NULL, 419),
	(1504, 'Leaf can transport water', NULL, 419),
	(1505, 'Leaf can not absorb  water', NULL, 419),
	(1506, 'Leaf can not transport  water', NULL, 419),
	(1507, 'Steam is vegetative organ', NULL, 420),
	(1508, 'Steam is not vegetative organ', NULL, 420),
	(1509, 'Steam can transport water', NULL, 420),
	(1510, 'Steam can not transport  water', NULL, 420),
	(1511, 'Steam can absorb water', NULL, 420),
	(1512, 'Steam can evaporate water', NULL, 420),
	(1513, 'Steam can not absorb  water', NULL, 420),
	(1514, 'Steam can not evaporate  water', NULL, 420),
	(1515, 'Rhododendron', NULL, 421),
	(1516, 'Golden Dewdrop', NULL, 421),
	(1517, 'Broadleaf Lady Palm', NULL, 421),
	(1518, 'Rhododendron', NULL, 421),
	(1519, 'Golden Dewdrop', NULL, 421),
	(1520, 'Broadleaf Lady Palm', NULL, 421),
	(1521, 'Rhododendron', NULL, 421),
	(1522, 'Golden Dewdrop', NULL, 421),
	(1523, 'Broadleaf Lady Palm', NULL, 421),
	(1524, 'Rhododendron', NULL, 421),
	(1525, 'Golden Dewdrop', NULL, 421),
	(1526, 'Broadleaf Lady Palm', NULL, 421),
	(1527, 'None of above statement is true', NULL, 421),
	(1528, 'Rhododendron', NULL, 422),
	(1529, 'Golden Dewdrop', NULL, 422),
	(1530, 'Broadleaf Lady Palm', NULL, 422),
	(1531, 'Rhododendron', NULL, 423),
	(1532, 'Golden Dewdrop', NULL, 423),
	(1533, 'Broadleaf Lady Palm', NULL, 423),
	(1534, 'Rhododendron', NULL, 424),
	(1535, 'Golden Dewdrop', NULL, 424),
	(1536, 'Broadleaf Lady Palm', NULL, 424),
	(1537, 'None of above statement is true', NULL, 424),
	(1538, 'Rhododendron', NULL, 424),
	(1539, 'Golden Dewdrop', NULL, 424),
	(1540, 'Broadleaf Lady Palm', NULL, 424),
	(1541, 'None of above statement is true', NULL, 424),
	(1542, 'Rhododendron', NULL, 424),
	(1543, 'Golden Dewdrop', NULL, 424),
	(1544, 'Broadleaf Lady Palm', NULL, 424),
	(1545, 'None of above statement is true', NULL, 424),
	(1546, 'Rhododendron', NULL, 424),
	(1547, 'Golden Dewdrop', NULL, 424),
	(1548, 'Broadleaf Lady Palm', NULL, 424),
	(1549, 'None of above statement is true', NULL, 424),
	(1550, 'Rhododendron', NULL, 425),
	(1551, 'Golden Dewdrop', NULL, 425),
	(1552, 'Broadleaf Lady Palm', NULL, 425),
	(1553, 'None of above statement is true', NULL, 425),
	(1554, 'Rhododendron', NULL, 425),
	(1555, 'Golden Dewdrop', NULL, 425),
	(1556, 'Broadleaf Lady Palm', NULL, 425),
	(1557, 'None of above statement is true', NULL, 425),
	(1558, 'Rhododendron', NULL, 425),
	(1559, 'Golden Dewdrop', NULL, 425),
	(1560, 'Broadleaf Lady Palm', NULL, 425),
	(1561, 'None of above statement is true', NULL, 425),
	(1562, 'Rhododendron', NULL, 425),
	(1563, 'Golden Dewdrop', NULL, 425),
	(1564, 'Broadleaf Lady Palm', NULL, 425),
	(1565, 'None of above statement is true', NULL, 425),
	(1566, 'Rhododendron', NULL, 426),
	(1567, 'Golden Dewdrop', NULL, 426),
	(1568, 'Broadleaf Lady Palm', NULL, 426),
	(1569, 'None of above statement is true', NULL, 426),
	(1570, 'Rhododendron', NULL, 426),
	(1571, 'Golden Dewdrop', NULL, 426),
	(1572, 'Broadleaf Lady Palm', NULL, 426),
	(1573, 'None of above statement is true', NULL, 426),
	(1574, 'Rhododendron', NULL, 426),
	(1575, 'Golden Dewdrop', NULL, 426),
	(1576, 'Broadleaf Lady Palm', NULL, 426),
	(1577, 'None of above statement is true', NULL, 426),
	(1578, 'Rhododendron', NULL, 426),
	(1579, 'Golden Dewdrop', NULL, 426),
	(1580, 'Broadleaf Lady Palm', NULL, 426),
	(1581, 'None of above statement is true', NULL, 426),
	(1582, 'Rhododendron', NULL, 427),
	(1583, 'Golden Dewdrop', NULL, 427),
	(1584, 'Broadleaf Lady Palm', NULL, 427),
	(1585, 'None of above statement is true', NULL, 427),
	(1586, 'Rhododendron', NULL, 427),
	(1587, 'Golden Dewdrop', NULL, 427),
	(1588, 'Broadleaf Lady Palm', NULL, 427),
	(1589, 'None of above statement is true', NULL, 427),
	(1590, 'Rhododendron', NULL, 427),
	(1591, 'Golden Dewdrop', NULL, 427),
	(1592, 'Broadleaf Lady Palm', NULL, 427),
	(1593, 'None of above statement is true', NULL, 427),
	(1594, 'Rhododendron', NULL, 427),
	(1595, 'Golden Dewdrop', NULL, 427),
	(1596, 'Broadleaf Lady Palm', NULL, 427),
	(1597, 'None of above statement is true', NULL, 427),
	(1598, 'Rhododendron', NULL, 428),
	(1599, 'Golden Dewdrop', NULL, 428),
	(1600, 'Broadleaf Lady Palm', NULL, 428),
	(1601, 'None of above statement is true', NULL, 428),
	(1602, 'Rhododendron', NULL, 428),
	(1603, 'Golden Dewdrop', NULL, 428),
	(1604, 'Broadleaf Lady Palm', NULL, 428),
	(1605, 'None of above statement is true', NULL, 428),
	(1606, 'Rhododendron', NULL, 428),
	(1607, 'Golden Dewdrop', NULL, 428),
	(1608, 'Broadleaf Lady Palm', NULL, 428),
	(1609, 'None of above statement is true', NULL, 428),
	(1610, 'Rhododendron', NULL, 428),
	(1611, 'Golden Dewdrop', NULL, 428),
	(1612, 'Broadleaf Lady Palm', NULL, 428),
	(1613, 'None of above statement is true', NULL, 428),
	(1614, 'Rhododendron', NULL, 429),
	(1615, 'Golden Dewdrop', NULL, 429),
	(1616, 'Broadleaf Lady Palm', NULL, 429),
	(1617, 'None of above statement is true', NULL, 429),
	(1618, 'Rhododendron', NULL, 430),
	(1619, 'Golden Dewdrop', NULL, 430),
	(1620, 'Broadleaf Lady Palm', NULL, 430),
	(1621, 'None of above statement is true', NULL, 430),
	(1622, 'Rhododendron', NULL, 431),
	(1623, 'Golden Dewdrop', NULL, 431),
	(1624, 'Broadleaf Lady Palm', NULL, 431),
	(1625, 'None of above statement is true', NULL, 431),
	(1626, 'Rhododendron', NULL, 432),
	(1627, 'Golden Dewdrop', NULL, 432),
	(1628, 'Broadleaf Lady Palm', NULL, 432),
	(1629, 'None of above statement is true', NULL, 432),
	(1630, 'Rhododendron', NULL, 433),
	(1631, 'Golden Dewdrop', NULL, 433),
	(1632, 'Broadleaf Lady Palm', NULL, 433),
	(1633, 'None of above statement is true', NULL, 433),
	(1634, 'Rhododendron', NULL, 434),
	(1635, 'Golden Dewdrop', NULL, 434),
	(1636, 'Broadleaf Lady Palm', NULL, 434),
	(1637, 'None of above statement is true', NULL, 434),
	(1638, 'Rhododendron', NULL, 435),
	(1639, 'Golden Dewdrop', NULL, 435),
	(1640, 'Broadleaf Lady Palm', NULL, 435),
	(1641, 'None of above statement is true', NULL, 435),
	(1642, 'Rhododendron', NULL, 436),
	(1643, 'Golden Dewdrop', NULL, 436),
	(1644, 'Broadleaf Lady Palm', NULL, 436),
	(1645, 'None of above statement is true', NULL, 436),
	(1646, 'Rhododendron', NULL, 437),
	(1647, 'Golden Dewdrop', NULL, 437),
	(1648, 'Broadleaf Lady Palm', NULL, 437),
	(1649, 'None of above statement is true', NULL, 437),
	(1650, 'Rhododendron', NULL, 438),
	(1651, 'Golden Dewdrop', NULL, 438),
	(1652, 'Broadleaf Lady Palm', NULL, 438),
	(1653, 'None of above statement is true', NULL, 438),
	(1654, 'Rhododendron', NULL, 439),
	(1655, 'Golden Dewdrop', NULL, 439),
	(1656, 'Broadleaf Lady Palm', NULL, 439),
	(1657, 'None of above statement is true', NULL, 439),
	(1658, 'Rhododendron', NULL, 440),
	(1659, 'Golden Dewdrop', NULL, 440),
	(1660, 'Broadleaf Lady Palm', NULL, 440),
	(1661, 'None of above statement is true', NULL, 440),
	(1662, 'Plant has Root', NULL, 441),
	(1663, 'Plant has Steam', NULL, 441),
	(1664, 'Plant has Leaf', NULL, 441),
	(1665, 'Steam has Sprout', NULL, 442),
	(1666, 'Steam does not have Sprout', NULL, 443),
	(1667, 'Leaf has Shape', NULL, 444),
	(1668, 'Leaf has Margin', NULL, 444),
	(1669, 'Leaf does not have Sprout', NULL, 445),
	(1670, 'Leaf does not have Sprout', NULL, 447),
	(1671, 'Steam does not have Shape', NULL, 448),
	(1672, 'Steam does not have Margin', NULL, 448),
	(1673, 'Leaf has Sprout', NULL, 449),
	(1674, 'Plant has Root', NULL, 450),
	(1675, 'Plant has Steam', NULL, 450),
	(1676, 'Plant has Leaf', NULL, 450),
	(1677, 'Plant has Root', NULL, 451),
	(1678, 'Plant has Steam', NULL, 451),
	(1679, 'Plant has Leaf', NULL, 451),
	(1680, 'Plant has Root', NULL, 452),
	(1681, 'Plant has Steam', NULL, 452),
	(1682, 'Plant has Leaf', NULL, 452),
	(1683, 'Plant has Root', NULL, 453),
	(1684, 'Plant has Steam', NULL, 453),
	(1685, 'Plant has Leaf', NULL, 453),
	(1686, 'Plant does not have Root', NULL, 454),
	(1687, 'Plant does not have Steam', NULL, 454),
	(1688, 'Plant does not have Leaf', NULL, 454),
	(1689, 'Leaf does not have Sprout', NULL, 457),
	(1690, 'Leaf does not have shape', NULL, 458),
	(1691, 'Leaf does not have margin', NULL, 458),
	(1692, 'Steam does not have sprout', NULL, 462),
	(1693, 'Plant has Root', NULL, 464),
	(1694, 'Plant has Steam', NULL, 464),
	(1695, 'Plant has Leaf', NULL, 464),
	(1696, 'Plant does not have Root', NULL, 465),
	(1697, 'Plant does not have Steam', NULL, 465),
	(1698, 'Plant does not have Leaf', NULL, 465),
	(1699, 'Leaf has Sprout', NULL, 467),
	(1700, 'Leaf does not have shape', NULL, 468),
	(1701, 'Leaf does not have margin', NULL, 468),
	(1702, 'Leaf does not have shape', NULL, 470),
	(1703, 'Leaf does not have margin', NULL, 470),
	(1704, 'Plant has Root', NULL, 471),
	(1705, 'Plant has Steam', NULL, 471),
	(1706, 'Plant has Leaf', NULL, 471),
	(1707, 'Plant has Root', NULL, 472),
	(1708, 'Plant has Steam', NULL, 472),
	(1709, 'Plant has Leaf', NULL, 472),
	(1710, 'Plant has Root', NULL, 473),
	(1711, 'Plant has Steam', NULL, 473),
	(1712, 'Plant has Leaf', NULL, 473),
	(1713, 'Steam has sprout', NULL, 474),
	(1714, 'Steam has Shape', NULL, 475),
	(1715, 'Steam has Margin', NULL, 475),
	(1716, 'Leaf has Sprout', NULL, 476),
	(1717, 'Plant has Root', NULL, 477),
	(1718, 'Plant has Steam', NULL, 477),
	(1719, 'Plant has Leaf', NULL, 477),
	(1720, 'Plant does not have Root', NULL, 478),
	(1721, 'Plant does not have Steam', NULL, 478),
	(1722, 'Plant does not have Leaf', NULL, 478),
	(1723, 'Plant has Root', NULL, 481),
	(1724, 'Plant has Steam', NULL, 481),
	(1725, 'Plant has Leaf', NULL, 481),
	(1726, 'Plant has Root', NULL, 483),
	(1727, 'Plant has Steam', NULL, 483),
	(1728, 'Plant has Leaf', NULL, 483),
	(1729, 'Plant does not have Root', NULL, 484),
	(1730, 'Plant does not have Steam', NULL, 484),
	(1731, 'Plant does not have Leaf', NULL, 484),
	(1732, 'Steam has Shape', NULL, 486),
	(1733, 'Steam has Margin', NULL, 486),
	(1734, 'Steam has Shape', NULL, 487),
	(1735, 'Steam has Margin', NULL, 487),
	(1736, 'Steam does not have Shape', NULL, 488),
	(1737, 'Steam does not have Margin', NULL, 488),
	(1738, 'Plant has Root', NULL, 489),
	(1739, 'Plant has Steam', NULL, 489),
	(1740, 'Plant has Leaf', NULL, 489),
	(1741, 'Plant does not have Root', NULL, 490),
	(1742, 'Plant does not have Steam', NULL, 490),
	(1743, 'Plant does not have Leaf', NULL, 490),
	(1744, 'Steam has Shape', NULL, 491),
	(1745, 'Steam has Margin', NULL, 491),
	(1746, 'Steam does not have Shape', NULL, 492),
	(1747, 'Steam does not have Margin', NULL, 492),
	(1748, 'Plant has Root', NULL, 493),
	(1749, 'Plant has Steam', NULL, 493),
	(1750, 'Plant has Leaf', NULL, 493),
	(1751, 'Plant does not have Root', NULL, 494),
	(1752, 'Plant does not have Steam', NULL, 494),
	(1753, 'Plant does not have Leaf', NULL, 494),
	(1754, 'Steam has Shape', NULL, 496),
	(1755, 'Steam has Margin', NULL, 496),
	(1756, 'Steam does not have Shape', NULL, 497),
	(1757, 'Steam does not have Margin', NULL, 497),
	(1758, 'Steam has sprout', NULL, 498),
	(1759, 'Steam does not have sprout', NULL, 499),
	(1760, 'Steam has Shape', NULL, 500),
	(1761, 'Steam has Margin', NULL, 500),
	(1762, 'Steam does not have Shape', NULL, 501),
	(1763, 'Steam does not have Margin', NULL, 501),
	(1764, 'Steam has sprout', NULL, 502),
	(1765, 'Steam does not have sprout', NULL, 503),
	(1766, 'Steam has Shape', NULL, 504),
	(1767, 'Steam has Margin', NULL, 504),
	(1768, 'Steam does not have Shape', NULL, 505),
	(1769, 'Steam does not have Margin', NULL, 505),
	(1770, 'Steam has sprout', NULL, 506),
	(1771, 'Plant has Root', NULL, 508),
	(1772, 'Plant has Steam', NULL, 508),
	(1773, 'Plant has Leaf', NULL, 508),
	(1774, 'Steam has sprout', NULL, 509),
	(1775, 'Steam has sprout', NULL, 510),
	(1776, 'Steam does not have sprout', NULL, 511),
	(1777, 'Steam has Shape', NULL, 512),
	(1778, 'Steam has Margin', NULL, 512),
	(1779, 'Steam does not have Shape', NULL, 513),
	(1780, 'Steam does not have Margin', NULL, 513),
	(1781, 'Steam has sprout', NULL, 514),
	(1782, 'Steam does not have sprout', NULL, 515),
	(1783, 'Steam has Shape', NULL, 516),
	(1784, 'Steam has Margin', NULL, 516),
	(1785, 'Steam does not have Shape', NULL, 517),
	(1786, 'Steam does not have Margin', NULL, 517),
	(1787, 'Steam has sprout', NULL, 518),
	(1788, 'Steam has Shape', NULL, 519),
	(1789, 'Steam has Margin', NULL, 519),
	(1790, 'Steam has sprout', NULL, 520),
	(1791, 'Steam has Shape', NULL, 521),
	(1792, 'Steam has Margin', NULL, 521),
	(1793, 'Steam has sprout', NULL, 522),
	(1794, 'Steam does not have sprout', NULL, 523),
	(1795, 'Steam has Shape', NULL, 524),
	(1796, 'Steam has Margin', NULL, 524),
	(1797, 'Steam does not have Shape', NULL, 525),
	(1798, 'Steam does not have Margin', NULL, 525),
	(1799, 'Steam has sprout', NULL, 526),
	(1800, 'Steam does not have sprout', NULL, 527),
	(1801, 'Steam has Shape', NULL, 528),
	(1802, 'Steam has Margin', NULL, 528),
	(1803, 'Steam does not have Shape', NULL, 529),
	(1804, 'Steam does not have Margin', NULL, 529),
	(1805, 'Steam has sprout', NULL, 530),
	(1806, 'Steam has Shape', NULL, 531),
	(1807, 'Steam has Margin', NULL, 531),
	(1808, 'Steam has sprout', NULL, 532),
	(1809, 'Steam has Shape', NULL, 533),
	(1810, 'Steam has Margin', NULL, 533),
	(1811, 'Root is vegetative organ', NULL, 534),
	(1812, 'Root can water', NULL, 534),
	(1813, 'Root is not  vegetative organ', NULL, 535),
	(1814, 'Root can not absorb water', NULL, 535),
	(1815, 'Root can transport water', NULL, 536),
	(1816, 'Root can evaporate water', NULL, 536),
	(1817, 'The  of Root\'s vegetative organ is not ', NULL, 537),
	(1818, 'Root can not transport water', NULL, 537),
	(1819, 'Root can not evaporate water', NULL, 537),
	(1820, 'Steam is vegetative organ', NULL, 538),
	(1821, 'Steam can water', NULL, 538),
	(1822, 'Steam is not  vegetative organ', NULL, 539),
	(1823, 'Steam can not transport water', NULL, 539),
	(1824, 'Steam can absorb water', NULL, 540),
	(1825, 'Steam can evaporate water', NULL, 540),
	(1826, 'Steam can not absorb water', NULL, 541),
	(1827, 'Steam can not evaporate water', NULL, 541),
	(1828, 'Steam is vegetative organ', NULL, 542),
	(1829, 'Steam can water', NULL, 542),
	(1830, 'Steam is not  vegetative organ', NULL, 543),
	(1831, 'Steam can not transport water', NULL, 543),
	(1832, 'Steam can absorb water', NULL, 544),
	(1833, 'Steam can evaporate water', NULL, 544),
	(1834, 'Steam can not absorb water', NULL, 545),
	(1835, 'Steam can not evaporate water', NULL, 545),
	(1836, 'None of the above statement is true', NULL, 546),
	(1837, 'Steam is vegetative organ', NULL, 547),
	(1838, 'Steam can water', NULL, 547),
	(1839, 'Steam can absorb water', NULL, 548),
	(1840, 'Steam can evaporate water', NULL, 548),
	(1841, 'Steam is vegetative organ', NULL, 549),
	(1842, 'Steam can water', NULL, 549),
	(1843, 'Steam can absorb water', NULL, 550),
	(1844, 'Steam can evaporate water', NULL, 550),
	(1845, 'None of the above statement is true', NULL, 551),
	(1846, 'Root is vegetative organ', NULL, 552),
	(1847, 'Root is not vegetative organ', NULL, 552),
	(1848, 'Root can absorb water', NULL, 552),
	(1849, 'Root can not absorb  water', NULL, 552),
	(1850, 'Root can transport water', NULL, 552),
	(1851, 'Root can evaporate water', NULL, 552),
	(1852, 'Root can not transport  water', NULL, 552),
	(1853, 'Root can not evaporate  water', NULL, 552),
	(1854, 'Steam is vegetative organ', NULL, 552),
	(1855, 'Steam is not vegetative organ', NULL, 552),
	(1856, 'Steam can transport water', NULL, 552),
	(1857, 'Steam can not transport  water', NULL, 552),
	(1858, 'Steam can absorb water', NULL, 552),
	(1859, 'Steam can evaporate water', NULL, 552),
	(1860, 'Steam can not absorb  water', NULL, 552),
	(1861, 'Steam can not evaporate  water', NULL, 552),
	(1862, 'Leaf is vegetative organ', NULL, 552),
	(1863, 'Leaf is not vegetative organ', NULL, 552),
	(1864, 'Leaf can evaporate water', NULL, 552),
	(1865, 'Leaf can not evaporate  water', NULL, 552),
	(1866, 'Leaf can absorb water', NULL, 552),
	(1867, 'Leaf can transport water', NULL, 552),
	(1868, 'Leaf can not absorb  water', NULL, 552),
	(1869, 'Leaf can not transport  water', NULL, 552),
	(1870, 'Root', NULL, 555),
	(1871, 'Leaf', NULL, 555),
	(1872, 'None of above statement is true', NULL, 555),
	(1873, 'Root', NULL, 556),
	(1874, 'Leaf', NULL, 556),
	(1875, 'None of above statement is true', NULL, 556),
	(1876, 'Root', NULL, 557),
	(1877, 'Steam', NULL, 557),
	(1878, 'None of above statement is true', NULL, 557),
	(1879, 'Root', NULL, 558),
	(1880, 'Steam', NULL, 558),
	(1881, 'None of above statement is true', NULL, 558),
	(1882, 'Leaf has shape', NULL, 559),
	(1883, 'Leaf has margin', NULL, 559),
	(1884, 'Leaf does not have shape', NULL, 560),
	(1885, 'Leaf does not have margin', NULL, 560),
	(1886, 'Plant has Root', NULL, 561),
	(1887, 'Plant has Steam', NULL, 561),
	(1888, 'Plant has Leaf', NULL, 561),
	(1889, 'Plant has Root', NULL, 562),
	(1890, 'Plant has Steam', NULL, 562),
	(1891, 'Plant has Leaf', NULL, 562),
	(1892, 'Plant has Root', NULL, 563),
	(1893, 'Plant has Steam', NULL, 563),
	(1894, 'Plant has Leaf', NULL, 563),
	(1895, 'Plant has Root', NULL, 564),
	(1896, 'Plant has Steam', NULL, 564),
	(1897, 'Plant has Leaf', NULL, 564),
	(1898, 'Steam has sprout', NULL, 565),
	(1899, 'Root', NULL, 566),
	(1900, 'Steam', NULL, 566),
	(1901, 'None of above statement is true', NULL, 566),
	(1902, 'Root', NULL, 567),
	(1903, 'Steam', NULL, 567),
	(1904, 'None of above statement is true', NULL, 567),
	(1905, 'Leaf has shape', NULL, 568),
	(1906, 'Leaf has margin', NULL, 568),
	(1907, 'Leaf has Sprout', NULL, 569),
	(1908, 'Leaf is vegetative organ', NULL, 570),
	(1909, 'Leaf can water', NULL, 570),
	(1910, 'Leaf can not absorb water', NULL, 571),
	(1911, 'Leaf can not transport water', NULL, 571),
	(1912, 'Leaf is not  vegetative organ', NULL, 572),
	(1913, 'Leaf can not evaporate water', NULL, 572),
	(1914, 'Leaf has shape', NULL, 573),
	(1915, 'Leaf has margin', NULL, 573),
	(1916, 'Leaf has shape', NULL, 574),
	(1917, 'Leaf has margin', NULL, 574),
	(1918, 'Plant does not have Root', NULL, 575),
	(1919, 'Plant does not have Steam', NULL, 575),
	(1920, 'Plant does not have Leaf', NULL, 575),
	(1921, 'Leaf does not have shape', NULL, 576),
	(1922, 'Leaf does not have margin', NULL, 576),
	(1923, 'Leaf has Sprout', NULL, 577),
	(1924, 'Steam has Shape', NULL, 578),
	(1925, 'Steam has Margin', NULL, 578),
	(1926, 'Plant has Root', NULL, 579),
	(1927, 'Plant has Steam', NULL, 579),
	(1928, 'Plant has Leaf', NULL, 579),
	(1929, 'Plant has Root', NULL, 580),
	(1930, 'Plant has Steam', NULL, 580),
	(1931, 'Plant has Leaf', NULL, 580),
	(1932, 'Plant has Root', NULL, 581),
	(1933, 'Plant has Steam', NULL, 581),
	(1934, 'Plant has Leaf', NULL, 581),
	(1935, 'Plant has Root', NULL, 582),
	(1936, 'Plant has Steam', NULL, 582),
	(1937, 'Plant has Leaf', NULL, 582),
	(1938, 'Plant has Root', NULL, 584),
	(1939, 'Plant has Steam', NULL, 584),
	(1940, 'Plant has Leaf', NULL, 584),
	(1941, 'Plant has Root', NULL, 585),
	(1942, 'Plant has Steam', NULL, 585),
	(1943, 'Plant has Leaf', NULL, 585),
	(1944, 'Plant does not have Root', NULL, 586),
	(1945, 'Plant does not have Steam', NULL, 586),
	(1946, 'Plant does not have Leaf', NULL, 586),
	(1947, 'Plant has Root', NULL, 587),
	(1948, 'Plant has Steam', NULL, 587),
	(1949, 'Plant has Leaf', NULL, 587),
	(1950, 'Plant does not have Root', NULL, 588),
	(1951, 'Plant does not have Steam', NULL, 588),
	(1952, 'Plant does not have Leaf', NULL, 588),
	(1953, 'Plant has Root', NULL, 589),
	(1954, 'Plant has Steam', NULL, 589),
	(1955, 'Plant has Leaf', NULL, 589),
	(1956, 'Plant has Root', NULL, 591),
	(1957, 'Plant has Steam', NULL, 591),
	(1958, 'Plant has Leaf', NULL, 591),
	(1959, 'Plant has Root', NULL, 592),
	(1960, 'Plant has Steam', NULL, 592),
	(1961, 'Plant has Leaf', NULL, 592),
	(1962, 'Plant has Root', NULL, 593),
	(1963, 'Plant has Steam', NULL, 593),
	(1964, 'Plant has Leaf', NULL, 593),
	(1965, 'Plant has Root', NULL, 594),
	(1966, 'Plant has Steam', NULL, 594),
	(1967, 'Plant has Leaf', NULL, 594),
	(1974, 'Plant has Root', NULL, 597),
	(1975, 'Plant has Steam', NULL, 597),
	(1976, 'Plant has Leaf', NULL, 597),
	(1977, 'Plant does not have Root', NULL, 598),
	(1978, 'Plant does not have Steam', NULL, 598),
	(1979, 'Plant does not have Leaf', NULL, 598),
	(1980, 'Steam has sprout', NULL, 603),
	(1981, 'Steam does not have sprout', NULL, 604),
	(1982, 'Steam has Shape', NULL, 605),
	(1983, 'Steam has Margin', NULL, 605),
	(1984, 'Steam does not have Shape', NULL, 606),
	(1985, 'Steam does not have Margin', NULL, 606),
	(1986, 'Leaf does not have Sprout', NULL, 607),
	(1987, 'Leaf has shape', NULL, 608),
	(1988, 'Leaf has margin', NULL, 608),
	(1989, 'Leaf does not have shape', NULL, 609),
	(1990, 'Leaf does not have margin', NULL, 609),
	(1991, 'Leaf has Sprout', NULL, 610),
	(1992, 'Leaf does not have Sprout', NULL, 611);
/*!40000 ALTER TABLE `questionlineitem` ENABLE KEYS */;


-- Dumping structure for table otsdb.questionnaturetype
CREATE TABLE IF NOT EXISTS `questionnaturetype` (
  `QuestionNatureType` int(11) NOT NULL AUTO_INCREMENT,
  `Name` varchar(255) DEFAULT NULL,
  PRIMARY KEY (`QuestionNatureType`)
) ENGINE=InnoDB AUTO_INCREMENT=9 DEFAULT CHARSET=utf8;

-- Dumping data for table otsdb.questionnaturetype: ~8 rows (approximately)
/*!40000 ALTER TABLE `questionnaturetype` DISABLE KEYS */;
INSERT IGNORE INTO `questionnaturetype` (`QuestionNatureType`, `Name`) VALUES
	(1, 'Correct'),
	(2, 'Negative'),
	(3, 'Incorrect'),
	(4, 'Negative-Incorrect');
/*!40000 ALTER TABLE `questionnaturetype` ENABLE KEYS */;


-- Dumping structure for table otsdb.questiontype
CREATE TABLE IF NOT EXISTS `questiontype` (
  `QuestionType` int(11) NOT NULL AUTO_INCREMENT,
  `Name` varchar(255) DEFAULT NULL,
  PRIMARY KEY (`QuestionType`)
) ENGINE=InnoDB AUTO_INCREMENT=6 DEFAULT CHARSET=utf8;

-- Dumping data for table otsdb.questiontype: ~5 rows (approximately)
/*!40000 ALTER TABLE `questiontype` DISABLE KEYS */;
INSERT IGNORE INTO `questiontype` (`QuestionType`, `Name`) VALUES
	(1, 'TrueOrFalse'),
	(2, 'Multiple Choice'),
	(3, 'Short Answer'),
	(4, 'TrueOrFalse'),
	(5, 'Multiple Choice');
/*!40000 ALTER TABLE `questiontype` ENABLE KEYS */;


-- Dumping structure for table otsdb.studentcourseregistration
CREATE TABLE IF NOT EXISTS `studentcourseregistration` (
  `StudentId` int(11) NOT NULL,
  `CourseId` int(11) NOT NULL,
  `Date` datetime DEFAULT NULL,
  PRIMARY KEY (`StudentId`,`CourseId`),
  KEY `CourseId` (`CourseId`),
  CONSTRAINT `FK452DB2A94562DB52` FOREIGN KEY (`CourseId`) REFERENCES `academiccourse` (`CourseTypeId`)
) ENGINE=InnoDB DEFAULT CHARSET=utf8;

-- Dumping data for table otsdb.studentcourseregistration: ~0 rows (approximately)
/*!40000 ALTER TABLE `studentcourseregistration` DISABLE KEYS */;
/*!40000 ALTER TABLE `studentcourseregistration` ENABLE KEYS */;


-- Dumping structure for table otsdb.studenttest
CREATE TABLE IF NOT EXISTS `studenttest` (
  `StudentTestId` int(11) NOT NULL AUTO_INCREMENT,
  `Mark` float DEFAULT NULL,
  `Grade` varchar(255) DEFAULT NULL,
  `IsTestCompleted` tinyint(1) DEFAULT NULL,
  `DateCompleted` datetime DEFAULT NULL,
  `StudentId` int(11) DEFAULT NULL,
  `CourseId` int(11) DEFAULT NULL,
  `TestId` int(11) DEFAULT NULL,
  PRIMARY KEY (`StudentTestId`),
  KEY `StudentId` (`StudentId`),
  KEY `CourseId` (`CourseId`),
  KEY `TestId` (`TestId`),
  CONSTRAINT `FKA65C85E94562DB52` FOREIGN KEY (`CourseId`) REFERENCES `academiccourse` (`CourseTypeId`),
  CONSTRAINT `FKA65C85E964D28624` FOREIGN KEY (`StudentId`) REFERENCES `user` (`UserId`),
  CONSTRAINT `FKA65C85E981C67016` FOREIGN KEY (`TestId`) REFERENCES `test` (`TestId`)
) ENGINE=InnoDB DEFAULT CHARSET=utf8;

-- Dumping data for table otsdb.studenttest: ~0 rows (approximately)
/*!40000 ALTER TABLE `studenttest` DISABLE KEYS */;
/*!40000 ALTER TABLE `studenttest` ENABLE KEYS */;


-- Dumping structure for table otsdb.teachercoursetest
CREATE TABLE IF NOT EXISTS `teachercoursetest` (
  `CourseTestId` int(11) NOT NULL AUTO_INCREMENT,
  `CreatedOn` datetime DEFAULT NULL,
  `CourseId` int(11) NOT NULL,
  `TestId` int(11) NOT NULL,
  `TeacherId` int(11) NOT NULL,
  PRIMARY KEY (`CourseTestId`),
  KEY `CourseId` (`CourseId`),
  KEY `TestId` (`TestId`),
  KEY `TeacherId` (`TeacherId`),
  CONSTRAINT `FK389946CC4562DB52` FOREIGN KEY (`CourseId`) REFERENCES `academiccourse` (`CourseTypeId`),
  CONSTRAINT `FK389946CC6002D0D1` FOREIGN KEY (`TeacherId`) REFERENCES `user` (`UserId`),
  CONSTRAINT `FK389946CC81C67016` FOREIGN KEY (`TestId`) REFERENCES `test` (`TestId`)
) ENGINE=InnoDB AUTO_INCREMENT=4 DEFAULT CHARSET=utf8;

-- Dumping data for table otsdb.teachercoursetest: ~3 rows (approximately)
/*!40000 ALTER TABLE `teachercoursetest` DISABLE KEYS */;
INSERT IGNORE INTO `teachercoursetest` (`CourseTestId`, `CreatedOn`, `CourseId`, `TestId`, `TeacherId`) VALUES
	(1, '2015-01-24 22:03:15', 1, 1, 1),
	(2, '2015-02-07 09:33:49', 2, 2, 1),
	(3, '2015-02-16 11:45:57', 1, 3, 1);
/*!40000 ALTER TABLE `teachercoursetest` ENABLE KEYS */;


-- Dumping structure for table otsdb.teacherprofile
CREATE TABLE IF NOT EXISTS `teacherprofile` (
  `TeacherProfileId` int(11) NOT NULL AUTO_INCREMENT,
  `UserId` int(11) DEFAULT NULL,
  `Title` varchar(60) DEFAULT NULL,
  `Rank` varchar(100) DEFAULT NULL,
  PRIMARY KEY (`TeacherProfileId`),
  KEY `FK_ifjh0u07x1kb6qhgyq98qfhmw` (`UserId`),
  CONSTRAINT `FK_ifjh0u07x1kb6qhgyq98qfhmw` FOREIGN KEY (`UserId`) REFERENCES `user` (`UserId`)
) ENGINE=InnoDB DEFAULT CHARSET=utf8;

-- Dumping data for table otsdb.teacherprofile: ~0 rows (approximately)
/*!40000 ALTER TABLE `teacherprofile` DISABLE KEYS */;
/*!40000 ALTER TABLE `teacherprofile` ENABLE KEYS */;


-- Dumping structure for table otsdb.test
CREATE TABLE IF NOT EXISTS `test` (
  `TestId` int(11) NOT NULL AUTO_INCREMENT,
  `Name` varchar(255) DEFAULT NULL,
  `TotalMark` float DEFAULT NULL,
  `NumberOfQuestion` int(11) DEFAULT NULL,
  `StartDate` datetime DEFAULT NULL,
  `StartTime` varchar(50) DEFAULT NULL,
  `EndTime` varchar(50) DEFAULT NULL,
  `IsActivated` tinyint(1) DEFAULT NULL,
  PRIMARY KEY (`TestId`)
) ENGINE=InnoDB AUTO_INCREMENT=4 DEFAULT CHARSET=utf8;

-- Dumping data for table otsdb.test: ~3 rows (approximately)
/*!40000 ALTER TABLE `test` DISABLE KEYS */;
INSERT IGNORE INTO `test` (`TestId`, `Name`, `TotalMark`, `NumberOfQuestion`, `StartDate`, `StartTime`, `EndTime`, `IsActivated`) VALUES
	(1, 'Introduction Botany Level 1', 20, 10, '2015-01-24 00:00:00', '10:30', '11:30', 0),
	(2, 'Introduction to fine Art', 10, 10, '2015-02-07 00:00:00', '10:10', '12:30', 0),
	(3, 'Introduction to Botany Level 1', 50, 10, '2015-02-16 00:00:00', '10:30', '12:30', 0);
/*!40000 ALTER TABLE `test` ENABLE KEYS */;


-- Dumping structure for table otsdb.testitemtype
CREATE TABLE IF NOT EXISTS `testitemtype` (
  `TestItemTypeId` int(11) NOT NULL AUTO_INCREMENT,
  `Name` varchar(100) NOT NULL,
  PRIMARY KEY (`TestItemTypeId`)
) ENGINE=InnoDB DEFAULT CHARSET=utf8;

-- Dumping data for table otsdb.testitemtype: ~0 rows (approximately)
/*!40000 ALTER TABLE `testitemtype` DISABLE KEYS */;
/*!40000 ALTER TABLE `testitemtype` ENABLE KEYS */;


-- Dumping structure for table otsdb.user
CREATE TABLE IF NOT EXISTS `user` (
  `UserId` int(11) NOT NULL AUTO_INCREMENT,
  `Email` varchar(255) DEFAULT NULL,
  `Phone` varchar(15) DEFAULT NULL,
  `UserTypeId` int(11) DEFAULT NULL,
  `UserAccountId` int(11) NOT NULL,
  `FirstName` varchar(60) NOT NULL,
  `LastName` varchar(60) NOT NULL,
  `Number` varchar(50) DEFAULT NULL,
  `Street` varchar(100) DEFAULT NULL,
  `City` varchar(60) DEFAULT NULL,
  `Province` varchar(60) DEFAULT NULL,
  `DepartmentTypeId` int(11) DEFAULT NULL,
  PRIMARY KEY (`UserId`),
  KEY `UserTypeId` (`UserTypeId`),
  KEY `UserAccountId` (`UserAccountId`),
  KEY `FK_rt6kd6fenjlljjlxny1st239u` (`DepartmentTypeId`),
  CONSTRAINT `FK7185C17C79C572D0` FOREIGN KEY (`UserAccountId`) REFERENCES `useraccount` (`UserAccountId`),
  CONSTRAINT `FK7185C17CFA5FD70D` FOREIGN KEY (`UserTypeId`) REFERENCES `usertype` (`UserTypeId`),
  CONSTRAINT `FK_rt6kd6fenjlljjlxny1st239u` FOREIGN KEY (`DepartmentTypeId`) REFERENCES `departmenttype` (`DepartmentTypeId`)
) ENGINE=InnoDB AUTO_INCREMENT=3 DEFAULT CHARSET=utf8;

-- Dumping data for table otsdb.user: ~2 rows (approximately)
/*!40000 ALTER TABLE `user` DISABLE KEYS */;
INSERT IGNORE INTO `user` (`UserId`, `Email`, `Phone`, `UserTypeId`, `UserAccountId`, `FirstName`, `LastName`, `Number`, `Street`, `City`, `Province`, `DepartmentTypeId`) VALUES
	(1, NULL, NULL, 3, 1, 'Maiga', 'Chang', NULL, NULL, NULL, NULL, NULL),
	(2, NULL, NULL, 3, 2, 'Ebenezer', 'Aggrey', NULL, NULL, NULL, NULL, NULL);
/*!40000 ALTER TABLE `user` ENABLE KEYS */;


-- Dumping structure for table otsdb.useraccount
CREATE TABLE IF NOT EXISTS `useraccount` (
  `UserAccountId` int(11) NOT NULL AUTO_INCREMENT,
  `UserName` varchar(255) NOT NULL,
  `Password` varchar(255) NOT NULL,
  `IsLocked` tinyint(1) DEFAULT '0',
  PRIMARY KEY (`UserAccountId`)
) ENGINE=InnoDB AUTO_INCREMENT=3 DEFAULT CHARSET=utf8;

-- Dumping data for table otsdb.useraccount: ~2 rows (approximately)
/*!40000 ALTER TABLE `useraccount` DISABLE KEYS */;
INSERT IGNORE INTO `useraccount` (`UserAccountId`, `UserName`, `Password`, `IsLocked`) VALUES
	(1, 'maiga', 'maiga', 0),
	(2, 'eb', 'eb', 0);
/*!40000 ALTER TABLE `useraccount` ENABLE KEYS */;


-- Dumping structure for table otsdb.usertype
CREATE TABLE IF NOT EXISTS `usertype` (
  `UserTypeId` int(11) NOT NULL AUTO_INCREMENT,
  `Name` varchar(100) DEFAULT NULL,
  `HomePageName` varchar(255) DEFAULT NULL,
  PRIMARY KEY (`UserTypeId`)
) ENGINE=InnoDB AUTO_INCREMENT=4 DEFAULT CHARSET=utf8;

-- Dumping data for table otsdb.usertype: ~3 rows (approximately)
/*!40000 ALTER TABLE `usertype` DISABLE KEYS */;
INSERT IGNORE INTO `usertype` (`UserTypeId`, `Name`, `HomePageName`) VALUES
	(1, 'Administrator', 'Administrator'),
	(2, 'Student', 'Student'),
	(3, 'Teacher', 'Teacher');
/*!40000 ALTER TABLE `usertype` ENABLE KEYS */;
/*!40101 SET SQL_MODE=IFNULL(@OLD_SQL_MODE, '') */;
/*!40014 SET FOREIGN_KEY_CHECKS=IF(@OLD_FOREIGN_KEY_CHECKS IS NULL, 1, @OLD_FOREIGN_KEY_CHECKS) */;
/*!40101 SET CHARACTER_SET_CLIENT=@OLD_CHARACTER_SET_CLIENT */;
